,Xg,Yg,Zg,Xm,Ym,Zm,Xa,Ya,Za,Xq,Yq,Zq,Direction,SensorTime
0,0.0,0.0,0.01,5.31,-7.75,6.5,-7.97,5.35,2.03,-0.27,0.65,0.57,0.42,4562257
1,0.0,0.0,0.01,5.31,-7.75,6.5,-7.93,5.31,2.07,-0.27,0.65,0.57,0.42,4562297
2,0.0,0.0,0.01,5.31,-7.75,6.5,-7.97,5.31,2.03,-0.27,0.65,0.57,0.42,4562335
3,0.01,0.0,0.01,5.31,-7.75,6.5,-7.97,5.31,2.03,-0.27,0.65,0.57,0.42,4562376
4,0.01,0.01,0.01,5.31,-7.75,6.5,-7.97,5.31,2.03,-0.27,0.65,0.57,0.42,4562415
5,0.01,0.01,0.01,5.31,-7.75,6.5,-7.97,5.35,2.03,-0.27,0.65,0.57,0.42,4562454
6,0.01,0.01,0.01,5.31,-7.75,6.5,-7.93,5.35,2.07,-0.27,0.65,0.57,0.42,4562492
7,0.01,0.01,0.01,5.31,-7.75,6.5,-7.93,5.35,2.03,-0.27,0.65,0.57,0.42,4562529
8,0.01,0.03,0.01,5.31,-7.75,6.5,-7.93,5.35,2.03,-0.27,0.65,0.57,0.42,4562569
9,0.02,0.04,0.01,5.31,-7.75,6.5,-7.93,5.35,2.03,-0.27,0.65,0.57,0.42,4562608
10,0.02,0.04,0.01,5.31,-7.75,6.5,-7.93,5.39,1.99,-0.27,0.65,0.57,0.42,4562646
11,0.02,0.04,0.01,5.31,-7.75,6.5,-7.93,5.39,1.99,-0.27,0.65,0.57,0.42,4562683
12,0.05,0.06,0.03,5.31,-7.75,6.5,-7.93,5.39,1.99,-0.27,0.65,0.57,0.42,4562721
13,-0.09,0.02,0.02,5.31,-7.75,6.5,-7.93,5.39,1.99,-0.27,0.65,0.57,0.42,4562760
14,-0.09,0.02,0.02,5.31,-7.75,6.5,-7.85,5.43,1.88,-0.27,0.65,0.57,0.42,4562799
15,-0.09,0.02,0.02,5.31,-7.75,6.5,-7.89,5.5,1.68,-0.27,0.65,0.57,0.42,4562836
16,0.13,0.41,0.06,5.31,-7.75,6.5,-7.89,5.5,1.68,-0.27,0.65,0.57,0.42,4562877
17,0.21,0.28,-0.02,5.31,-7.75,6.5,-7.89,5.5,1.68,-0.27,0.65,0.57,0.42,4562916
18,0.21,0.28,-0.02,5.31,-7.75,6.5,-7.97,5.58,1.34,-0.27,0.65,0.57,0.42,4562955
19,0.21,0.28,-0.02,5.31,-7.75,6.5,-7.93,5.54,1.41,-0.27,0.65,0.57,0.42,4562995
20,0.21,0.28,-0.02,5.31,-7.75,6.5,-8.08,5.5,1.11,-0.27,0.65,0.57,0.42,4563033
21,0.04,0.06,0.05,5.31,-7.75,6.5,-8.08,5.5,1.11,-0.27,0.65,0.57,0.42,4563072
22,0.0,-0.01,0.11,5.31,-7.75,6.5,-8.08,5.5,1.11,-0.27,0.65,0.57,0.42,4563109
23,0.0,-0.01,0.11,5.31,-7.75,6.5,-7.97,5.62,1.18,-0.27,0.65,0.57,0.42,4563149
24,0.0,-0.01,0.11,5.31,-7.75,6.5,-7.93,5.7,1.22,-0.27,0.65,0.57,0.42,4563187
25,-0.09,-0.16,0.19,5.31,-7.75,6.5,-7.93,5.7,1.22,-0.27,0.65,0.57,0.42,4563227
26,-0.02,-0.21,0.28,5.31,-7.75,6.5,-7.93,5.7,1.22,-0.27,0.65,0.57,0.42,4563267
27,-0.02,-0.21,0.28,5.31,-7.75,6.5,-7.82,5.92,1.34,-0.27,0.65,0.57,0.42,4563307
28,-0.02,-0.21,0.28,5.31,-7.75,6.5,-7.7,5.92,1.49,-0.27,0.65,0.57,0.42,4563348
29,-0.02,-0.21,0.28,5.31,-7.75,6.5,-8.24,6.42,0.53,-0.27,0.65,0.57,0.42,4563386
30,-0.98,-2.07,0.9,5.31,-7.75,6.5,-8.24,6.42,0.53,-0.27,0.65,0.57,0.42,4563426
31,-0.98,-2.07,0.9,5.31,-7.75,6.5,-11.76,7.61,4.36,-0.27,0.65,0.57,0.42,4563466
32,-0.98,-2.07,0.9,5.31,-7.75,6.5,-14.9,10.02,6.01,-0.27,0.65,0.57,0.42,4563506
33,-0.98,-2.07,0.9,5.31,-7.75,6.5,-9.35,4.01,1.18,-0.27,0.65,0.57,0.42,4563547
34,-0.98,-2.07,0.9,5.31,-7.75,6.5,-9.54,5.96,1.76,-0.27,0.65,0.57,0.42,4563585
35,0.75,-2.67,0.3,5.31,-7.75,6.5,-9.54,5.96,1.76,-0.27,0.65,0.57,0.42,4563625
36,0.88,-0.98,-0.38,5.31,-7.75,6.5,-9.54,5.96,1.76,-0.27,0.65,0.57,0.42,4563664
37,0.88,-0.98,-0.38,5.31,-7.75,6.5,-4.94,3.59,0.69,-0.27,0.65,0.57,0.42,4563703
38,0.88,-0.98,-0.38,5.31,-7.75,6.5,-4.64,4.16,1.38,-0.27,0.65,0.57,0.42,4563742
39,0.88,-0.98,-0.38,5.31,-7.75,6.5,-3.98,4.35,1.53,-0.27,0.65,0.57,0.42,4563780
40,-0.28,0.69,-2.37,5.31,-7.75,6.5,-3.98,4.35,1.53,-0.27,0.65,0.57,0.42,4563820
41,-0.38,1.11,-2.52,5.31,-7.75,6.5,-3.98,4.35,1.53,-0.27,0.65,0.57,0.42,4563858
42,-0.38,1.11,-2.52,5.31,-7.75,6.5,-5.44,7.61,3.1,-0.27,0.65,0.57,0.42,4563898
43,-0.38,1.11,-2.52,5.31,-7.75,6.5,-5.06,10.02,4.44,-0.27,0.65,0.57,0.42,4563936
44,-0.06,0.25,-2.6,5.31,-7.75,6.5,-5.06,10.02,4.44,-0.27,0.65,0.57,0.42,4563977
45,-0.31,0.84,-1.89,5.31,-7.75,6.5,-5.06,10.02,4.44,-0.27,0.65,0.57,0.42,4564017
46,-0.31,0.84,-1.89,5.31,-7.75,6.5,-9.81,12.89,2.26,-0.27,0.65,0.57,0.42,4564058
47,-0.31,0.84,-1.89,5.31,-7.75,6.5,-11.15,8.72,4.06,-0.27,0.65,0.57,0.42,4564099
48,-0.31,0.84,-1.89,5.31,-7.75,6.5,-9.77,5.04,-0.46,-0.27,0.65,0.57,0.42,4564136
49,-0.51,0.08,0.21,5.31,-7.75,6.5,-9.77,5.04,-0.46,-0.27,0.65,0.57,0.42,4564177
50,-0.51,0.08,0.21,5.31,-7.75,6.5,-8.73,4.73,0.95,-0.27,0.65,0.57,0.42,4564217
51,-0.23,0.38,0.6,5.31,-7.75,6.5,-8.73,4.73,0.95,-0.27,0.65,0.57,0.42,4564257
52,-0.23,0.38,0.6,5.31,-7.75,6.5,-8.62,4.89,0.38,-0.27,0.65,0.57,0.42,4564296
53,-0.23,0.38,0.6,5.31,-7.75,6.5,-8.46,4.85,0.72,-0.27,0.65,0.57,0.42,4564334
54,-0.24,-0.02,0.51,5.31,-7.75,6.5,-8.46,4.85,0.72,-0.27,0.65,0.57,0.42,4564374
55,-0.23,-0.27,0.41,5.31,-7.75,6.5,-8.46,4.85,0.72,-0.27,0.65,0.57,0.42,4564414
56,-0.23,-0.27,0.41,5.31,-7.75,6.5,-8.04,5.27,1.18,-0.27,0.65,0.57,0.42,4564453
57,-0.23,-0.27,0.41,5.31,-7.75,6.5,-8.16,5.39,0.99,-0.27,0.65,0.57,0.42,4564492
58,-0.23,-0.27,0.41,5.31,-7.75,6.5,-8.16,5.43,0.72,-0.27,0.65,0.57,0.42,4564530
59,-0.14,-0.36,0.38,5.31,-7.75,6.5,-8.16,5.43,0.72,-0.27,0.65,0.57,0.42,4564570
60,-0.26,-0.55,0.6,5.31,-7.75,6.5,-8.16,5.43,0.72,-0.27,0.65,0.57,0.42,4564609
61,-0.26,-0.55,0.6,5.31,-7.75,6.5,-5.59,4.89,2.49,-0.27,0.65,0.57,0.42,4564648
62,-0.26,-0.55,0.6,5.31,-7.75,6.5,-0.88,6.54,0.92,-0.27,0.65,0.57,0.42,4564686
63,1.06,-1.84,2.46,5.31,-7.75,6.5,-0.88,6.54,0.92,-0.27,0.65,0.57,0.42,4564726
64,-0.89,-2.75,4.65,5.31,-7.75,6.5,-0.88,6.54,0.92,-0.27,0.65,0.57,0.42,4564765
65,-0.89,-2.75,4.65,5.31,-7.75,6.5,-19.12,7.04,-0.31,-0.27,0.65,0.57,0.42,4564804
66,-0.89,-2.75,4.65,5.31,-7.75,6.5,-6.93,3.32,-3.07,-0.27,0.65,0.57,0.42,4564845
67,-0.89,-2.75,4.65,5.31,-7.75,6.5,-5.63,11.21,1.88,-0.27,0.65,0.57,0.42,4564884
68,-1.46,-0.71,0.67,5.31,-7.75,6.5,-5.63,11.21,1.88,-0.27,0.65,0.57,0.42,4564925
69,-1.46,-0.71,0.67,5.31,-7.75,6.5,-1.0,0.75,-1.46,-0.27,0.65,0.57,0.42,4564965
70,-1.46,-0.71,0.67,5.31,-7.75,6.5,-0.88,-1.66,0.07,-0.27,0.65,0.57,0.42,4565007
71,-1.46,-0.71,0.67,5.31,-7.75,6.5,-4.56,-0.28,1.3,-0.27,0.65,0.57,0.42,4565047
72,-1.46,-0.71,0.67,5.31,-7.75,6.5,-5.98,2.52,1.72,-0.27,0.65,0.57,0.42,4565085
73,-0.45,-0.16,-4.21,5.31,-7.75,6.5,-5.98,2.52,1.72,-0.27,0.65,0.57,0.42,4565126
74,-0.2,0.12,-4.67,5.31,-7.75,6.5,-5.98,2.52,1.72,-0.27,0.65,0.57,0.42,4565167
75,-0.2,0.12,-4.67,5.31,-7.75,6.5,-10.42,16.04,-0.2,-0.27,0.65,0.57,0.42,4565206
76,-0.2,0.12,-4.67,5.31,-7.75,6.5,-8.66,23.73,-0.58,-0.27,0.65,0.57,0.42,4565248
77,-0.2,0.12,-4.67,5.31,-7.75,6.5,-1.5,25.0,-1.27,-0.27,0.65,0.57,0.42,4565286
78,0.4,0.1,-1.08,5.31,-7.75,6.5,-1.5,25.0,-1.27,-0.27,0.65,0.57,0.42,4565327
79,-1.35,-0.49,0.62,5.31,-7.75,6.5,-1.5,25.0,-1.27,-0.27,0.65,0.57,0.42,4565368
80,-1.35,-0.49,0.62,5.31,-7.75,6.5,-6.93,3.63,0.42,-0.27,0.65,0.57,0.42,4565409
81,-1.35,-0.49,0.62,5.31,-7.75,6.5,-8.7,4.39,1.95,-0.27,0.65,0.57,0.42,4565449
82,-1.35,-0.49,0.62,5.31,-7.75,6.5,-8.73,4.12,0.69,-0.27,0.65,0.57,0.42,4565487
83,0.07,0.44,0.7,5.31,-7.75,6.5,-8.73,4.12,0.69,-0.27,0.65,0.57,0.42,4565527
84,0.07,0.44,0.7,5.31,-7.75,6.5,-8.35,5.12,0.53,-0.27,0.65,0.57,0.42,4565567
85,-0.04,0.1,0.46,5.31,-7.75,6.5,-8.35,5.12,0.53,-0.27,0.65,0.57,0.42,4565606
86,-0.04,0.1,0.46,5.31,-7.75,6.5,-8.46,5.0,0.5,-0.27,0.65,0.57,0.42,4565646
87,-0.04,0.1,0.46,5.31,-7.75,6.5,-8.27,5.2,0.27,-0.27,0.65,0.57,0.42,4565683
88,-0.04,0.1,0.46,5.31,-7.75,6.5,-8.31,5.27,0.34,-0.27,0.65,0.57,0.42,4565723
89,-0.11,-0.11,0.53,5.31,-7.75,6.5,-8.31,5.27,0.34,-0.27,0.65,0.57,0.42,4565762
90,-0.11,-0.11,0.53,5.31,-7.75,6.5,-8.2,5.73,0.19,-0.27,0.65,0.57,0.42,4565800
91,-0.11,-0.11,0.53,5.31,-7.75,6.5,-8.27,5.85,0.57,-0.27,0.65,0.57,0.42,4565839
92,-0.11,-0.11,0.53,2.25,-30.44,1.13,-8.27,5.85,0.57,-0.27,0.65,0.57,0.42,4565878
93,-1.54,-1.72,3.25,2.25,-30.44,1.13,-8.27,5.85,0.57,-0.27,0.65,0.57,0.42,4565918
94,2.36,-0.82,2.44,2.25,-30.44,1.13,-8.27,5.85,0.57,-0.27,0.65,0.57,0.42,4565958
95,2.36,-0.82,2.44,2.25,-30.44,1.13,-16.78,10.71,7.12,-0.27,0.65,0.57,0.42,4565998
96,2.36,-0.82,2.44,2.25,-30.44,1.13,-23.02,11.4,3.18,-0.27,0.65,0.57,0.42,4566037
97,0.48,-3.03,1.39,2.25,-30.44,1.13,-23.02,11.4,3.18,-0.27,0.65,0.57,0.42,4566078
98,2.63,-2.85,0.9,2.25,-30.44,1.13,-23.02,11.4,3.18,-0.27,0.65,0.57,0.42,4566118
99,2.63,-2.85,0.9,2.25,-30.44,1.13,-4.29,1.94,3.29,-0.27,0.65,0.57,0.42,4566159
100,-2.37,-0.13,-1.64,2.25,-30.44,1.13,-4.29,1.94,3.29,-0.27,0.65,0.57,0.42,4566199
101,1.42,-0.52,-3.07,2.25,-30.44,1.13,-2.45,0.1,-4.45,-0.27,0.65,0.57,0.42,4566279
102,1.42,-0.52,-3.07,2.25,-30.44,1.13,-1.0,2.32,-1.19,-0.27,0.65,0.57,0.42,4566320
103,-0.79,0.61,-4.21,2.25,-30.44,1.13,-1.0,2.32,-1.19,-0.27,0.65,0.57,0.42,4566360
104,-0.79,0.61,-4.21,2.25,-30.44,1.13,-5.9,11.05,-1.84,-0.27,0.65,0.57,0.42,4566401
105,-0.79,0.61,-4.21,2.25,-30.44,1.13,-7.89,11.21,-2.07,-0.27,0.65,0.57,0.42,4566440
106,-0.79,0.61,-4.21,3.13,-28.5,29.44,-7.89,11.21,-2.07,-0.27,0.65,0.57,0.42,4566481
107,-0.96,1.5,-2.34,3.13,-28.5,29.44,-7.89,11.21,-2.07,-0.27,0.65,0.57,0.42,4566523
108,-0.96,1.5,-2.34,3.13,-28.5,29.44,-7.59,19.64,2.56,-0.27,0.65,0.57,0.42,4566565
109,-0.96,1.5,-2.34,3.13,-28.5,29.44,-7.24,2.63,6.24,-0.27,0.65,0.57,0.42,4566607
110,-0.96,1.5,-2.34,3.13,-28.5,29.44,-10.23,5.73,2.64,-0.27,0.65,0.57,0.42,4566648
111,-0.96,1.5,-2.34,3.13,-28.5,29.44,-10.19,4.77,1.61,-0.27,0.65,0.57,0.42,4566687
112,-0.2,0.1,0.29,3.13,-28.5,29.44,-10.19,4.77,1.61,-0.27,0.65,0.57,0.42,4566729
113,-0.33,-0.25,0.68,3.13,-28.5,29.44,-10.19,4.77,1.61,-0.27,0.65,0.57,0.42,4566769
114,-0.33,-0.25,0.68,3.13,-28.5,29.44,-9.27,4.77,1.61,-0.27,0.65,0.57,0.42,4566810
115,-0.33,-0.25,0.68,3.13,-28.5,29.44,-8.54,4.24,1.3,-0.27,0.65,0.57,0.42,4566851
116,-0.33,-0.25,0.68,3.13,-28.5,29.44,-8.58,4.58,1.11,-0.27,0.65,0.57,0.42,4566890
117,-0.33,-0.25,0.68,3.25,-32.44,21.63,-8.58,4.58,1.11,-0.27,0.65,0.57,0.42,4566929
118,-0.02,-0.15,0.36,3.25,-32.44,21.63,-8.58,4.58,1.11,-0.27,0.65,0.57,0.42,4566969
119,-0.02,-0.15,0.36,3.25,-32.44,21.63,-8.31,4.77,1.49,-0.27,0.65,0.57,0.42,4567010
120,-0.02,-0.15,0.36,3.25,-32.44,21.63,-8.2,5.0,1.38,-0.27,0.65,0.57,0.42,4567050
121,-0.02,-0.15,0.36,3.25,-32.44,21.63,-8.2,5.0,1.53,-0.27,0.65,0.57,0.42,4567090
122,-0.02,-0.15,0.36,1.19,-33.69,20.88,-8.2,5.0,1.53,-0.27,0.65,0.57,0.42,4567129
123,-0.02,-0.15,0.36,1.19,-33.69,20.88,-8.16,5.16,1.61,-0.27,0.65,0.57,0.42,4567170
124,-0.53,-1.87,2.29,1.19,-33.69,20.88,-8.16,5.16,1.61,-0.27,0.65,0.57,0.42,4567209
125,-0.53,-1.87,2.29,1.19,-33.69,20.88,-14.06,7.15,2.6,-0.27,0.65,0.57,0.42,4567250
126,-0.53,-1.87,2.29,1.19,-33.69,20.88,-9.35,6.88,3.14,-0.27,0.65,0.57,0.42,4567290
127,-0.53,-1.87,2.29,-6.31,-34.13,21.75,-9.35,6.88,3.14,-0.27,0.65,0.57,0.42,4567329
128,-0.19,0.71,2.23,-6.31,-34.13,21.75,-9.35,6.88,3.14,-0.27,0.65,0.57,0.42,4567370
129,-0.19,0.71,2.23,-6.31,-34.13,21.75,-5.36,6.38,-0.35,-0.27,0.65,0.57,0.42,4567410
130,-0.19,0.71,2.23,-6.31,-34.13,21.75,-3.56,7.34,1.61,-0.27,0.65,0.57,0.42,4567451
131,-0.19,0.71,2.23,-6.31,-34.13,21.75,-4.33,1.29,1.18,-0.27,0.65,0.57,0.42,4567492
132,-0.19,0.71,2.23,-6.31,-34.13,21.75,-2.3,2.71,1.99,-0.27,0.65,0.57,0.42,4567531
133,-0.19,0.71,2.23,-6.31,-34.13,21.75,-3.14,5.08,2.22,-0.27,0.65,0.57,0.42,4567573
134,0.55,0.88,-1.82,-6.31,-34.13,21.75,-3.14,5.08,2.22,-0.27,0.65,0.57,0.42,4567614
135,0.55,0.88,-1.82,-6.31,-34.13,21.75,-4.67,10.18,3.06,-0.27,0.65,0.57,0.42,4567655
136,0.55,0.88,-1.82,-6.31,-34.13,21.75,-5.13,10.86,5.13,-0.27,0.65,0.57,0.42,4567697
137,0.55,0.88,-1.82,-6.31,-34.13,21.75,-0.69,7.34,5.17,-0.27,0.65,0.57,0.42,4567737
138,-0.84,1.09,-0.28,-6.31,-34.13,21.75,-0.69,7.34,5.17,-0.27,0.65,0.57,0.42,4567778
139,-0.84,1.09,-0.28,-6.31,-34.13,21.75,-9.0,6.69,0.0,-0.27,0.65,0.57,0.42,4567819
140,0.11,-0.17,-0.36,-6.31,-34.13,21.75,-9.0,6.69,0.0,-0.27,0.65,0.57,0.42,4567860
141,0.11,-0.17,-0.36,-6.31,-34.13,21.75,-7.63,5.7,2.22,-0.27,0.65,0.57,0.42,4567901
142,0.11,-0.17,-0.36,-6.31,-34.13,21.75,-7.74,5.43,2.3,-0.27,0.65,0.57,0.42,4567943
143,0.11,-0.17,-0.36,-6.31,-34.13,21.75,-7.82,5.46,1.99,-0.27,0.65,0.57,0.42,4567983
144,-0.02,0.19,-0.15,-6.31,-34.13,21.75,-7.82,5.46,1.99,-0.27,0.65,0.57,0.42,4568025
145,-0.02,0.19,-0.15,-6.31,-34.13,21.75,-7.05,5.08,1.99,-0.27,0.65,0.57,0.42,4568066
146,-0.02,0.19,-0.15,-6.31,-34.13,21.75,-8.12,5.39,1.8,-0.27,0.65,0.57,0.42,4568109
147,-0.02,0.19,-0.15,-6.31,-34.13,21.75,-7.89,5.27,1.95,-0.27,0.65,0.57,0.42,4568148
148,-0.02,0.19,-0.15,-6.31,-34.13,21.75,-7.97,5.27,1.88,-0.27,0.65,0.57,0.42,4568188
149,0.01,0.04,0.02,-6.31,-34.13,21.75,-7.97,5.27,1.88,-0.27,0.65,0.57,0.42,4568229
150,-0.01,0.0,0.01,-6.31,-34.13,21.75,-7.97,5.27,1.88,-0.27,0.65,0.57,0.42,4568269
151,-0.01,0.0,0.01,-6.31,-34.13,21.75,-7.93,5.31,1.95,-0.27,0.65,0.57,0.42,4568309
152,-0.01,0.0,0.01,-6.31,-34.13,21.75,-7.97,5.35,1.95,-0.27,0.65,0.57,0.42,4568349
153,-0.01,0.0,0.01,-6.31,-34.13,21.75,-8.01,5.31,1.88,-0.27,0.65,0.57,0.42,4568388
154,0.0,0.01,0.02,-6.31,-34.13,21.75,-8.01,5.31,1.88,-0.27,0.65,0.57,0.42,4568429
155,0.0,0.02,0.01,-6.31,-34.13,21.75,-8.01,5.31,1.88,-0.27,0.65,0.57,0.42,4568469
156,0.0,0.02,0.01,-6.31,-34.13,21.75,-7.97,5.35,1.91,-0.27,0.65,0.57,0.42,4568509
157,0.0,0.02,0.01,-6.31,-34.13,21.75,-7.97,5.35,1.91,-0.27,0.65,0.57,0.42,4568550
158,0.0,0.02,0.01,-6.31,-34.13,21.75,-7.93,5.31,1.91,-0.27,0.65,0.57,0.42,4568590
159,0.0,0.02,0.01,1.88,-37.5,-0.25,-7.93,5.31,1.91,-0.27,0.65,0.57,0.42,4568629
160,0.0,0.02,0.01,1.88,-37.5,-0.25,-7.97,5.31,1.88,-0.27,0.65,0.57,0.42,4568669
161,0.03,0.1,-0.01,1.88,-37.5,-0.25,-7.97,5.31,1.88,-0.27,0.65,0.57,0.42,4568709
162,0.03,0.1,-0.01,1.88,-37.5,-0.25,-7.93,5.27,1.8,-0.27,0.65,0.57,0.42,4568749
163,0.03,0.1,-0.01,1.88,-37.5,-0.25,-7.89,5.27,1.91,-0.27,0.65,0.57,0.42,4568787
164,0.06,0.19,0.01,1.88,-37.5,-0.25,-7.89,5.27,1.91,-0.27,0.65,0.57,0.42,4568827
165,0.06,0.22,-0.04,1.88,-37.5,-0.25,-7.89,5.27,1.91,-0.27,0.65,0.57,0.42,4568866
166,0.06,0.22,-0.04,1.88,-37.5,-0.25,-8.01,5.39,1.53,-0.27,0.65,0.57,0.42,4568907
167,0.06,0.22,-0.04,1.88,-37.5,-0.25,-7.97,5.31,1.53,-0.27,0.65,0.57,0.42,4568947
168,0.06,0.22,-0.04,1.88,-37.5,-0.25,-8.62,5.85,2.07,-0.27,0.65,0.57,0.42,4568986
169,-0.18,0.08,-0.15,1.88,-37.5,-0.25,-8.62,5.85,2.07,-0.27,0.65,0.57,0.42,4569026
170,-0.18,0.08,-0.15,1.88,-37.5,-0.25,-8.27,5.12,1.76,-0.27,0.65,0.57,0.42,4569067
171,-0.18,0.08,-0.15,1.88,-37.5,-0.25,-8.24,5.16,1.49,-0.27,0.65,0.57,0.42,4569108
172,-0.18,0.08,-0.15,1.88,-37.5,-0.25,-8.35,5.16,1.8,-0.27,0.65,0.57,0.42,4569148
173,-0.18,0.08,-0.15,1.88,-37.5,-0.25,-8.16,5.23,2.03,-0.27,0.65,0.57,0.42,4569187
174,-0.12,-0.56,0.0,1.88,-37.5,-0.25,-8.16,5.23,2.03,-0.27,0.65,0.57,0.42,4569228
175,-0.03,-0.51,0.02,1.88,-37.5,-0.25,-8.16,5.23,2.03,-0.27,0.65,0.57,0.42,4569269
176,-0.03,-0.51,0.02,1.88,-37.5,-0.25,-8.08,5.08,2.68,-0.27,0.65,0.57,0.42,4569309
177,-0.03,-0.51,0.02,1.88,-37.5,-0.25,-7.78,5.08,3.02,-0.27,0.65,0.57,0.42,4569349
178,-0.03,-0.51,0.02,1.88,-37.5,-0.25,-7.82,5.27,2.6,-0.27,0.65,0.57,0.42,4569388
179,-0.17,0.13,-0.14,1.88,-37.5,-0.25,-7.82,5.27,2.6,-0.27,0.65,0.57,0.42,4569428
180,-0.21,-0.15,-0.01,1.88,-37.5,-0.25,-7.82,5.27,2.6,-0.27,0.65,0.57,0.42,4569468
181,-0.21,-0.15,-0.01,1.88,-37.5,-0.25,-9.2,6.42,2.22,-0.27,0.65,0.57,0.42,4569509
182,-0.24,0.03,-0.05,1.88,-37.5,-0.25,-9.2,6.42,2.22,-0.27,0.65,0.57,0.42,4569549
183,-0.24,0.03,-0.05,1.88,-37.5,-0.25,-7.74,4.77,2.56,-0.27,0.65,0.57,0.42,4569589
184,-0.24,0.03,-0.05,2.94,-38.0,-5.5,-7.74,4.77,2.56,-0.27,0.65,0.57,0.42,4569628
185,-0.24,0.03,-0.05,2.94,-38.0,-5.5,-7.85,4.85,2.68,-0.27,0.65,0.57,0.42,4569669
186,-0.11,0.03,-0.05,2.94,-38.0,-5.5,-7.85,4.85,2.68,-0.27,0.65,0.57,0.42,4569709
187,-0.11,0.03,-0.05,2.94,-38.0,-5.5,-7.85,4.93,2.91,-0.27,0.65,0.57,0.42,4569749
188,-0.11,0.03,-0.05,2.94,-38.0,-5.5,-7.85,5.31,2.71,-0.27,0.65,0.57,0.42,4569789
189,-0.11,0.03,-0.05,3.38,-37.94,-4.0,-7.85,5.31,2.71,-0.27,0.65,0.57,0.42,4569829
190,-0.15,-0.04,-0.02,3.38,-37.94,-4.0,-7.85,5.31,2.71,-0.27,0.65,0.57,0.42,4569869
191,-0.15,-0.04,-0.02,3.38,-37.94,-4.0,-7.97,4.85,2.68,-0.27,0.65,0.57,0.42,4569910
192,-0.15,-0.04,-0.02,3.38,-37.94,-4.0,-8.12,4.62,2.83,-0.27,0.65,0.57,0.42,4569951
193,-0.15,-0.04,-0.02,3.38,-37.94,-4.0,-8.04,4.89,2.79,-0.27,0.65,0.57,0.42,4569993
194,-0.15,-0.04,-0.02,3.38,-37.94,-4.0,-8.08,4.93,2.83,-0.27,0.65,0.57,0.42,4570032
195,-0.07,0.09,-0.13,3.38,-37.94,-4.0,-8.08,4.93,2.83,-0.27,0.65,0.57,0.42,4570075
196,0.01,0.12,-0.23,3.38,-37.94,-4.0,-8.08,4.93,2.83,-0.27,0.65,0.57,0.42,4570116
197,0.01,0.12,-0.23,3.38,-37.94,-4.0,-7.93,5.04,2.64,-0.27,0.65,0.57,0.42,4570156
198,0.01,0.12,-0.23,3.38,-37.94,-4.0,-8.39,4.89,2.07,-0.27,0.65,0.57,0.42,4570196
199,0.01,0.12,-0.23,3.38,-37.94,-4.0,-5.94,7.84,5.63,-0.27,0.65,0.57,0.42,4570235
200,0.01,0.12,-0.23,5.31,-35.75,-9.75,-5.94,7.84,5.63,-0.27,0.65,0.57,0.42,4570275
201,-2.37,1.96,0.59,5.31,-35.75,-9.75,-5.94,7.84,5.63,-0.27,0.65,0.57,0.42,4570316
202,-2.37,1.96,0.59,5.31,-35.75,-9.75,-6.17,7.27,3.68,-0.27,0.65,0.57,0.42,4570357
203,-2.37,1.96,0.59,5.31,-35.75,-9.75,-6.21,7.65,3.25,-0.27,0.65,0.57,0.42,4570397
204,-2.37,1.96,0.59,5.31,-35.75,-9.75,-6.78,7.57,2.41,-0.27,0.65,0.57,0.42,4570436
205,-4.72,2.28,2.08,5.31,-35.75,-9.75,-6.78,7.57,2.41,-0.27,0.65,0.57,0.42,4570476
206,-4.72,2.28,2.08,5.31,-35.75,-9.75,-9.73,4.85,-0.5,-0.27,0.65,0.57,0.42,4570517
207,-2.93,1.74,0.79,5.31,-35.75,-9.75,-9.73,4.85,-0.5,-0.27,0.65,0.57,0.42,4570558
208,-2.93,1.74,0.79,5.31,-35.75,-9.75,-8.04,4.12,-0.27,-0.27,0.65,0.57,0.42,4570598
209,-2.93,1.74,0.79,5.31,-35.75,-9.75,-8.2,4.62,-0.43,-0.27,0.65,0.57,0.42,4570637
210,-2.81,1.82,0.11,5.31,-35.75,-9.75,-8.2,4.62,-0.43,-0.27,0.65,0.57,0.42,4570678
211,-2.03,1.63,-0.12,5.31,-35.75,-9.75,-8.2,4.62,-0.43,-0.27,0.65,0.57,0.42,4570718
212,-2.03,1.63,-0.12,5.31,-35.75,-9.75,-5.67,6.08,-0.2,-0.27,0.65,0.57,0.42,4570759
213,-2.03,1.63,-0.12,5.31,-35.75,-9.75,-7.39,7.23,-0.54,-0.27,0.65,0.57,0.42,4570800
214,-2.03,1.63,-0.12,5.31,-35.75,-9.75,-7.78,4.28,1.72,-0.27,0.65,0.57,0.42,4570841
215,-2.03,1.63,-0.12,18.44,10.31,-33.75,-7.78,4.28,1.72,-0.27,0.65,0.57,0.42,4570880
216,-2.03,1.63,-0.12,18.44,10.31,-33.75,-7.7,3.93,1.8,-0.27,0.65,0.57,0.42,4570923
217,-0.2,0.63,-0.22,18.44,10.31,-33.75,-7.7,3.93,1.8,-0.27,0.65,0.57,0.42,4570963
218,-0.2,0.63,-0.22,18.44,10.31,-33.75,-9.08,6.61,2.03,-0.27,0.65,0.57,0.42,4571005
219,-0.2,0.63,-0.22,18.44,10.31,-33.75,-7.82,4.81,2.33,-0.27,0.65,0.57,0.42,4571047
220,-0.2,0.63,-0.22,18.44,10.31,-33.75,-8.27,5.12,1.11,-0.27,0.65,0.57,0.42,4571087
221,-0.02,0.29,-0.03,18.44,10.31,-33.75,-8.27,5.12,1.11,-0.27,0.65,0.57,0.42,4571127
222,-0.02,0.29,-0.03,18.44,10.31,-33.75,-8.31,5.08,0.95,-0.27,0.65,0.57,0.42,4571170
223,0.01,0.15,0.16,18.44,10.31,-33.75,-8.31,5.08,0.95,-0.27,0.65,0.57,0.42,4571211
224,0.01,0.15,0.16,18.44,10.31,-33.75,-8.31,5.12,0.92,-0.27,0.65,0.57,0.42,4571250
225,0.01,0.15,0.16,18.44,10.31,-33.75,-8.31,4.43,0.8,-0.27,0.65,0.57,0.42,4571292
226,0.01,0.15,0.16,18.44,10.31,-33.75,-8.01,5.39,0.99,-0.27,0.65,0.57,0.42,4571330
227,0.05,0.12,0.75,18.44,10.31,-33.75,-8.01,5.39,0.99,-0.27,0.65,0.57,0.42,4571370
228,0.05,0.12,0.75,18.44,10.31,-33.75,-7.93,5.66,0.69,-0.27,0.65,0.57,0.42,4571411
229,0.05,0.12,0.75,18.44,10.31,-33.75,-8.54,7.04,0.57,-0.27,0.65,0.57,0.42,4571451
230,0.05,0.12,0.75,18.44,10.31,-33.75,-9.0,7.23,0.8,-0.27,0.65,0.57,0.42,4571491
231,0.05,0.12,0.75,18.44,10.31,-33.75,-11.68,10.67,1.88,-0.27,0.65,0.57,0.42,4571529
232,1.01,-2.22,5.2,18.44,10.31,-33.75,-11.68,10.67,1.88,-0.27,0.65,0.57,0.42,4571570
233,1.01,-2.22,5.2,18.44,10.31,-33.75,-20.11,11.25,6.09,-0.27,0.65,0.57,0.42,4571613
234,1.01,-2.22,5.2,18.44,10.31,-33.75,-3.33,2.74,-1.27,-0.27,0.65,0.57,0.42,4571655
235,1.01,-2.22,5.2,18.44,10.31,-33.75,-4.64,5.73,0.07,-0.27,0.65,0.57,0.42,4571696
236,1.01,-2.22,5.2,18.44,10.31,-33.75,-1.91,-1.16,4.36,-0.27,0.65,0.57,0.42,4571736
237,0.27,1.22,-1.85,18.44,10.31,-33.75,-1.91,-1.16,4.36,-0.27,0.65,0.57,0.42,4571777
238,-2.02,1.64,-2.09,18.44,10.31,-33.75,-1.91,-1.16,4.36,-0.27,0.65,0.57,0.42,4571817
239,-2.02,1.64,-2.09,18.44,10.31,-33.75,-6.63,2.32,4.36,-0.27,0.65,0.57,0.42,4571859
240,-2.02,1.64,-2.09,18.44,10.31,-33.75,-6.74,4.96,4.98,-0.27,0.65,0.57,0.42,4571899
241,-2.02,1.64,-2.09,18.44,10.31,-33.75,-6.93,7.8,4.79,-0.27,0.65,0.57,0.42,4571940
242,-2.02,1.64,-2.09,18.44,10.31,-33.75,-9.08,10.06,4.21,-0.27,0.65,0.57,0.42,4571980
243,-1.33,0.62,-3.95,18.44,10.31,-33.75,-9.08,10.06,4.21,-0.27,0.65,0.57,0.42,4572023
244,-0.06,3.82,-2.08,18.44,10.31,-33.75,-9.08,10.06,4.21,-0.27,0.65,0.57,0.42,4572065
245,-0.06,3.82,-2.08,18.44,10.31,-33.75,1.23,10.86,-0.35,-0.27,0.65,0.57,0.42,4572106
246,-0.06,3.82,-2.08,18.44,10.31,-33.75,-12.64,4.7,-0.66,-0.27,0.65,0.57,0.42,4572148
247,-0.06,3.82,-2.08,18.44,10.31,-33.75,-10.04,3.59,1.49,-0.27,0.65,0.57,0.42,4572188
248,0.45,0.53,0.55,18.44,10.31,-33.75,-10.04,3.59,1.49,-0.27,0.65,0.57,0.42,4572230
249,0.45,0.53,0.55,18.44,10.31,-33.75,-8.58,4.05,1.3,-0.27,0.65,0.57,0.42,4572272
250,0.5,-0.53,0.39,18.44,10.31,-33.75,-8.58,4.05,1.3,-0.27,0.65,0.57,0.42,4572312
251,0.5,-0.53,0.39,18.44,10.31,-33.75,-8.62,4.31,1.41,-0.27,0.65,0.57,0.42,4572353
252,0.5,-0.53,0.39,18.44,10.31,-33.75,-8.73,4.35,0.34,-0.27,0.65,0.57,0.42,4572395
253,0.5,-0.53,0.39,18.44,10.31,-33.75,-8.66,4.47,0.38,-0.27,0.65,0.57,0.42,4572434
254,-0.13,0.13,0.54,18.44,10.31,-33.75,-8.66,4.47,0.38,-0.27,0.65,0.57,0.42,4572476
255,-0.13,0.13,0.54,18.44,10.31,-33.75,-8.58,4.73,0.3,-0.27,0.65,0.57,0.42,4572517
256,-0.57,0.54,0.96,18.44,10.31,-33.75,-8.58,4.73,0.3,-0.27,0.65,0.57,0.42,4572557
257,-0.57,0.54,0.96,18.44,10.31,-33.75,-8.01,5.58,0.3,-0.27,0.65,0.57,0.42,4572598
258,-0.57,0.54,0.96,18.44,10.31,-33.75,-8.08,5.62,0.3,-0.27,0.65,0.57,0.42,4572636
259,-0.41,-0.55,1.16,18.44,10.31,-33.75,-8.08,5.62,0.3,-0.27,0.65,0.57,0.42,4572678
260,-0.36,-3.42,2.28,18.44,10.31,-33.75,-8.08,5.62,0.3,-0.27,0.65,0.57,0.42,4572719
261,-0.36,-3.42,2.28,18.44,10.31,-33.75,-7.7,7.53,2.6,-0.27,0.65,0.57,0.42,4572759
262,-0.36,-3.42,2.28,18.44,10.31,-33.75,-10.04,9.64,2.49,-0.27,0.65,0.57,0.42,4572800
263,-0.36,-3.42,2.28,18.44,10.31,-33.75,-18.12,14.73,2.71,-0.27,0.65,0.57,0.42,4572841
264,-0.36,-3.42,2.28,18.44,10.31,-33.75,-25.32,8.84,2.45,-0.27,0.65,0.57,0.42,4572882
265,-0.36,-3.42,2.28,18.44,10.31,-33.75,-10.65,-0.89,0.34,-0.27,0.65,0.57,0.42,4572925
266,1.51,-0.36,-0.68,18.44,10.31,-33.75,-10.65,-0.89,0.34,-0.27,0.65,0.57,0.42,4572967
267,1.51,-0.36,-0.68,18.44,10.31,-33.75,-1.57,-1.32,4.25,-0.27,0.65,0.57,0.42,4573008
268,1.51,-0.36,-0.68,18.44,10.31,-33.75,-1.46,2.44,2.75,-0.27,0.65,0.57,0.42,4573050
269,1.51,-0.36,-0.68,18.44,10.31,-33.75,-4.87,4.2,3.71,-0.27,0.65,0.57,0.42,4573092
270,1.51,-0.36,-0.68,18.44,10.31,-33.75,-4.45,4.43,2.45,-0.27,0.65,0.57,0.42,4573131
271,-1.07,0.89,-4.49,18.44,10.31,-33.75,-4.45,4.43,2.45,-0.27,0.65,0.57,0.42,4573174
272,-2.12,2.85,-3.9,18.44,10.31,-33.75,-4.45,4.43,2.45,-0.27,0.65,0.57,0.42,4573216
273,-2.12,2.85,-3.9,18.44,10.31,-33.75,-10.92,15.04,4.13,-0.27,0.65,0.57,0.42,4573257
274,-2.12,2.85,-3.9,18.44,10.31,-33.75,-6.44,20.9,5.09,-0.27,0.65,0.57,0.42,4573298
275,-2.12,2.85,-3.9,18.44,10.31,-33.75,-1.46,25.23,2.75,-0.27,0.65,0.57,0.42,4573340
276,-2.12,2.85,-3.9,13.63,14.25,22.31,-1.46,25.23,2.75,-0.27,0.65,0.57,0.42,4573381
277,1.57,1.45,1.5,13.63,14.25,22.31,-1.46,25.23,2.75,-0.27,0.65,0.57,0.42,4573423
278,0.31,0.19,0.7,13.63,14.25,22.31,-1.46,25.23,2.75,-0.27,0.65,0.57,0.42,4573464
279,0.31,0.19,0.7,13.63,14.25,22.31,-9.04,3.93,-0.5,-0.27,0.65,0.57,0.42,4573504
280,0.31,0.19,0.7,13.63,14.25,22.31,-8.89,3.43,1.99,-0.27,0.65,0.57,0.42,4573545
281,0.31,0.19,0.7,13.63,14.25,22.31,-8.96,4.09,0.88,-0.27,0.65,0.57,0.42,4573584
282,0.14,0.44,0.63,13.63,14.25,22.31,-8.96,4.09,0.88,-0.27,0.65,0.57,0.42,4573624
283,0.1,-0.05,0.41,13.63,14.25,22.31,-8.96,4.09,0.88,-0.27,0.65,0.57,0.42,4573664
284,0.1,-0.05,0.41,13.63,14.25,22.31,-8.62,4.51,0.19,-0.27,0.65,0.57,0.42,4573704
285,0.1,-0.05,0.41,13.63,14.25,22.31,-8.46,4.81,0.57,-0.27,0.65,0.57,0.42,4573744
286,0.1,-0.05,0.41,13.63,14.25,22.31,-8.5,4.85,0.23,-0.27,0.65,0.57,0.42,4573783
287,-0.36,0.24,0.62,13.63,14.25,22.31,-8.5,4.85,0.23,-0.27,0.65,0.57,0.42,4573822
288,-0.36,0.24,0.62,13.63,14.25,22.31,-8.24,5.27,0.65,-0.27,0.65,0.57,0.42,4573864
289,-0.22,0.25,1.1,13.63,14.25,22.31,-8.24,5.27,0.65,-0.27,0.65,0.57,0.42,4573904
290,-0.22,0.25,1.1,13.63,14.25,22.31,-8.54,5.81,-0.54,-0.27,0.65,0.57,0.42,4573944
291,-0.22,0.25,1.1,13.63,14.25,22.31,-10.69,5.39,1.03,-0.27,0.65,0.57,0.42,4573984
292,0.55,-1.85,3.8,13.63,14.25,22.31,-10.69,5.39,1.03,-0.27,0.65,0.57,0.42,4574025
293,0.52,-1.99,5.05,13.63,14.25,22.31,-10.69,5.39,1.03,-0.27,0.65,0.57,0.42,4574065
294,0.52,-1.99,5.05,13.63,14.25,22.31,-20.61,6.73,8.77,-0.27,0.65,0.57,0.42,4574105
295,0.52,-1.99,5.05,13.63,14.25,22.31,-5.02,3.47,2.91,-0.27,0.65,0.57,0.42,4574185
296,0.0,-1.24,-1.25,13.63,14.25,22.31,-5.02,3.47,2.91,-0.27,0.65,0.57,0.42,4574225
297,0.0,-1.24,-1.25,13.63,14.25,22.31,-3.68,4.73,0.27,-0.27,0.65,0.57,0.42,4574266
298,-0.73,-0.18,-2.84,13.63,14.25,22.31,-3.68,4.73,0.27,-0.27,0.65,0.57,0.42,4574307
299,-0.73,-0.18,-2.84,13.63,14.25,22.31,-4.87,4.2,0.99,-0.27,0.65,0.57,0.42,4574348
300,-0.73,-0.18,-2.84,13.63,14.25,22.31,-7.89,7.91,0.34,-0.27,0.65,0.57,0.42,4574388
301,-0.73,-0.18,-2.84,24.69,5.0,2.56,-7.89,7.91,0.34,-0.27,0.65,0.57,0.42,4574429
302,1.49,-0.74,-3.08,24.69,5.0,2.56,-7.89,7.91,0.34,-0.27,0.65,0.57,0.42,4574469
303,1.49,-0.74,-3.08,24.69,5.0,2.56,-8.24,19.41,-3.95,-0.27,0.65,0.57,0.42,4574508
304,1.49,-0.74,-3.08,24.69,5.0,2.56,-10.5,9.1,10.45,-0.27,0.65,0.57,0.42,4574548
305,1.49,-0.74,-3.08,24.69,5.0,2.56,-11.34,5.73,1.68,-0.27,0.65,0.57,0.42,4574588
306,1.49,-0.74,-3.08,24.94,13.69,-5.63,-11.34,5.73,1.68,-0.27,0.65,0.57,0.42,4574627
307,-0.17,0.48,-0.18,24.94,13.69,-5.63,-11.34,5.73,1.68,-0.27,0.65,0.57,0.42,4574667
308,-0.17,0.48,-0.18,24.94,13.69,-5.63,-8.46,4.66,1.95,-0.27,0.65,0.57,0.42,4574709
309,-0.17,0.48,-0.18,24.94,13.69,-5.63,-8.58,4.58,1.68,-0.27,0.65,0.57,0.42,4574749
310,-0.17,0.48,-0.18,24.94,13.69,-5.63,-8.7,4.51,1.22,-0.27,0.65,0.57,0.42,4574790
311,-0.17,0.48,-0.18,24.94,13.69,-5.63,-8.7,4.47,0.99,-0.27,0.65,0.57,0.42,4574829
312,-0.17,0.04,0.11,24.94,13.69,-5.63,-8.7,4.47,0.99,-0.27,0.65,0.57,0.42,4574870
313,-0.02,0.04,0.11,24.94,13.69,-5.63,-8.7,4.47,0.99,-0.27,0.65,0.57,0.42,4574910
314,-0.02,0.04,0.11,24.94,13.69,-5.63,-8.46,3.78,1.18,-0.27,0.65,0.57,0.42,4574949
315,-0.02,0.04,0.11,24.94,13.69,-5.63,-8.46,5.27,1.38,-0.27,0.65,0.57,0.42,4574991
316,-0.02,0.04,0.11,24.94,13.69,-5.63,-9.62,5.85,1.3,-0.27,0.65,0.57,0.42,4575029
317,0.34,-0.45,0.33,24.94,13.69,-5.63,-9.62,5.85,1.3,-0.27,0.65,0.57,0.42,4575069
318,0.34,-0.45,0.33,24.94,13.69,-5.63,-7.85,4.81,2.18,-0.27,0.65,0.57,0.42,4575109
319,-0.02,-0.08,0.06,24.94,13.69,-5.63,-7.85,4.81,2.18,-0.27,0.65,0.57,0.42,4575148
320,-0.02,-0.08,0.06,24.94,13.69,-5.63,-8.16,5.04,2.03,-0.27,0.65,0.57,0.42,4575187
321,-0.02,-0.08,0.06,25.13,11.88,-3.75,-8.16,5.04,2.03,-0.27,0.65,0.57,0.42,4575226
322,-0.02,-0.08,0.06,25.13,11.88,-3.75,-8.08,5.04,2.18,-0.27,0.65,0.57,0.42,4575267
323,-0.02,-0.01,0.07,25.13,11.88,-3.75,-8.08,5.04,2.18,-0.27,0.65,0.57,0.42,4575307
324,-0.02,-0.01,0.07,25.13,11.88,-3.75,-8.04,5.16,2.14,-0.27,0.65,0.57,0.42,4575347
325,-0.02,-0.01,0.07,25.13,11.88,-3.75,-8.04,5.12,2.18,-0.27,0.65,0.57,0.42,4575387
326,-0.02,-0.01,0.07,25.25,11.81,-5.31,-8.04,5.12,2.18,-0.27,0.65,0.57,0.42,4575427
327,0.01,0.0,0.01,25.25,11.81,-5.31,-8.04,5.12,2.18,-0.27,0.65,0.57,0.42,4575467
328,0.01,0.0,0.01,25.25,11.81,-5.31,-7.97,5.2,2.14,-0.27,0.65,0.57,0.42,4575546
329,0.01,0.0,0.01,25.25,11.81,-5.31,-8.01,5.16,2.18,-0.27,0.65,0.57,0.42,4575585
330,0.02,0.02,-0.01,25.25,11.81,-5.31,-8.01,5.16,2.18,-0.27,0.65,0.57,0.42,4575625
331,0.02,0.04,-0.01,25.25,11.81,-5.31,-8.01,5.16,2.18,-0.27,0.65,0.57,0.42,4575665
332,0.02,0.04,-0.01,25.25,11.81,-5.31,-8.01,5.16,2.11,-0.27,0.65,0.57,0.42,4575706
333,0.02,0.04,-0.01,25.25,11.81,-5.31,-8.04,5.16,2.07,-0.27,0.65,0.57,0.42,4575747
334,0.02,0.04,-0.01,25.25,11.81,-5.31,-8.04,5.12,2.07,-0.27,0.65,0.57,0.42,4575784
335,-0.01,0.02,0.0,25.25,11.81,-5.31,-8.04,5.12,2.07,-0.27,0.65,0.57,0.42,4575824
336,-0.01,0.02,0.0,25.25,11.81,-5.31,-8.01,5.16,2.07,-0.27,0.65,0.57,0.42,4575866
337,0.01,0.01,-0.02,25.25,11.81,-5.31,-8.01,5.16,2.07,-0.27,0.65,0.57,0.42,4575906
338,0.01,0.01,-0.02,25.25,11.81,-5.31,-8.01,5.16,2.07,-0.27,0.65,0.57,0.42,4575946
339,0.01,0.01,-0.02,25.25,11.81,-5.31,-8.08,5.12,1.95,-0.27,0.65,0.57,0.42,4575985
340,0.0,0.04,-0.02,25.25,11.81,-5.31,-8.08,5.12,1.95,-0.27,0.65,0.57,0.42,4576025
341,0.02,0.02,-0.04,25.25,11.81,-5.31,-8.08,5.12,1.95,-0.27,0.65,0.57,0.42,4576065
342,0.02,0.02,-0.04,25.25,11.81,-5.31,-8.08,5.12,1.99,-0.27,0.65,0.57,0.42,4576105
343,0.02,0.02,-0.04,25.25,11.81,-5.31,-8.08,5.12,2.03,-0.27,0.65,0.57,0.42,4576146
344,0.02,0.02,-0.04,25.25,11.81,-5.31,-8.08,5.08,1.95,-0.27,0.65,0.57,0.42,4576184
345,0.02,0.04,-0.04,25.25,11.81,-5.31,-8.08,5.08,1.95,-0.27,0.65,0.57,0.42,4576225
346,0.02,0.04,-0.04,25.25,11.81,-5.31,-8.12,5.08,1.91,-0.27,0.65,0.57,0.42,4576265
347,0.02,0.04,-0.04,25.25,11.81,-5.31,-8.12,5.08,1.84,-0.27,0.65,0.57,0.42,4576306
348,0.02,0.04,-0.04,25.25,11.81,-5.31,-8.2,5.04,1.76,-0.27,0.65,0.57,0.42,4576345
349,0.02,0.04,-0.04,25.25,11.81,-5.31,-8.16,5.04,1.84,-0.27,0.65,0.57,0.42,4576384
350,0.0,0.03,-0.02,25.25,11.81,-5.31,-8.16,5.04,1.84,-0.27,0.65,0.57,0.42,4576424
351,0.01,0.03,-0.01,25.25,11.81,-5.31,-8.16,5.04,1.84,-0.27,0.65,0.57,0.42,4576464
352,0.01,0.03,-0.01,25.25,11.81,-5.31,-8.16,5.04,1.8,-0.27,0.65,0.57,0.42,4576505
353,0.01,0.03,-0.01,25.25,11.81,-5.31,-8.16,5.04,1.84,-0.27,0.65,0.57,0.42,4576544
354,0.01,0.03,-0.01,25.25,11.81,-5.31,-8.16,5.0,1.84,-0.27,0.65,0.57,0.42,4576583
355,-0.01,-0.02,0.01,25.25,11.81,-5.31,-8.16,5.0,1.84,-0.27,0.65,0.57,0.42,4576624
356,0.01,-0.01,0.01,25.25,11.81,-5.31,-8.16,5.0,1.84,-0.27,0.65,0.57,0.42,4576664
357,0.01,-0.01,0.01,25.25,11.81,-5.31,-8.16,5.08,1.8,-0.27,0.65,0.57,0.42,4576706
358,0.0,-0.07,0.02,25.25,11.81,-5.31,-8.16,5.08,1.8,-0.27,0.65,0.57,0.42,4576746
359,0.0,-0.07,0.02,25.25,11.81,-5.31,-8.12,5.04,1.91,-0.27,0.65,0.57,0.42,4576785
360,-0.03,-0.01,0.02,25.25,11.81,-5.31,-8.12,5.04,1.91,-0.27,0.65,0.57,0.42,4576824
361,-0.03,-0.01,0.02,25.25,11.81,-5.31,-8.12,5.08,1.88,-0.27,0.65,0.57,0.42,4576865
362,-0.01,-0.04,0.01,25.25,11.81,-5.31,-8.12,5.08,1.88,-0.27,0.65,0.57,0.42,4576906
363,-0.01,-0.04,0.01,25.25,11.81,-5.31,-8.16,5.08,1.91,-0.27,0.65,0.57,0.42,4576947
364,-0.01,-0.04,0.01,25.25,11.81,-5.31,-8.12,5.08,1.91,-0.27,0.65,0.57,0.42,4576985
365,-0.05,-0.04,0.05,25.25,11.81,-5.31,-8.12,5.08,1.91,-0.27,0.65,0.57,0.42,4577027
366,-0.07,-0.13,0.09,25.25,11.81,-5.31,-8.12,5.08,1.91,-0.27,0.65,0.57,0.42,4577067
367,-0.07,-0.13,0.09,25.25,11.81,-5.31,-8.12,5.08,2.07,-0.27,0.65,0.57,0.42,4577106
368,-0.07,-0.13,0.09,25.25,11.81,-5.31,-8.16,5.12,1.95,-0.27,0.65,0.57,0.42,4577146
369,-0.07,-0.13,0.09,25.25,11.81,-5.31,-7.89,5.43,2.18,-0.27,0.65,0.57,0.42,4577186
370,-0.07,-0.13,0.09,25.88,10.63,-4.94,-7.89,5.43,2.18,-0.27,0.65,0.57,0.42,4577226
371,-0.21,-0.28,0.86,25.88,10.63,-4.94,-7.89,5.43,2.18,-0.27,0.65,0.57,0.42,4577266
372,-0.21,-0.28,0.86,25.88,10.63,-4.94,-8.73,5.66,1.95,-0.27,0.65,0.57,0.42,4577307
373,-0.21,-0.28,0.86,25.88,10.63,-4.94,-9.0,7.15,4.94,-0.27,0.65,0.57,0.42,4577347
374,-0.21,-0.28,0.86,25.88,10.63,-4.94,-9.88,5.85,4.63,-0.27,0.65,0.57,0.42,4577387
375,-0.21,-0.28,0.86,24.69,4.13,-15.25,-9.88,5.85,4.63,-0.27,0.65,0.57,0.42,4577427
376,4.24,-3.03,-0.93,24.69,4.13,-15.25,-9.88,5.85,4.63,-0.27,0.65,0.57,0.42,4577467
377,3.27,-4.08,-1.12,24.69,4.13,-15.25,-9.88,5.85,4.63,-0.27,0.65,0.57,0.42,4577507
378,3.27,-4.08,-1.12,24.69,4.13,-15.25,-5.09,5.73,-0.69,-0.27,0.65,0.57,0.42,4577547
379,3.27,-4.08,-1.12,24.69,4.13,-15.25,-4.41,7.04,1.26,-0.27,0.65,0.57,0.42,4577588
380,3.27,-4.08,-1.12,1.25,-9.13,-33.0,-4.41,7.04,1.26,-0.27,0.65,0.57,0.42,4577627
381,3.67,-2.55,-1.42,1.25,-9.13,-33.0,-4.41,7.04,1.26,-0.27,0.65,0.57,0.42,4577667
382,3.67,-2.55,-1.42,1.25,-9.13,-33.0,-5.06,14.04,-0.85,-0.27,0.65,0.57,0.42,4577707
383,3.67,-2.55,-1.42,1.25,-9.13,-33.0,-5.09,7.57,-1.04,-0.27,0.65,0.57,0.42,4577748
384,3.67,-2.55,-1.42,1.25,-9.13,-33.0,-8.24,4.62,5.78,-0.27,0.65,0.57,0.42,4577789
385,3.67,-2.55,-1.42,1.25,-9.13,-33.0,-9.35,6.61,0.07,-0.27,0.65,0.57,0.42,4577829
386,0.24,1.16,-0.16,1.25,-9.13,-33.0,-9.35,6.61,0.07,-0.27,0.65,0.57,0.42,4577870
387,-0.11,0.28,-0.63,1.25,-9.13,-33.0,-9.35,6.61,0.07,-0.27,0.65,0.57,0.42,4577910
388,-0.11,0.28,-0.63,1.25,-9.13,-33.0,-7.82,6.0,1.41,-0.27,0.65,0.57,0.42,4577951
389,-0.11,0.28,-0.63,1.25,-9.13,-33.0,-7.78,5.92,1.61,-0.27,0.65,0.57,0.42,4577993
390,-0.11,0.28,-0.63,1.25,-9.13,-33.0,-7.74,5.92,1.57,-0.27,0.65,0.57,0.42,4578032
391,0.03,-0.2,-0.08,1.25,-9.13,-33.0,-7.74,5.92,1.57,-0.27,0.65,0.57,0.42,4578074
392,0.03,-0.2,-0.08,1.25,-9.13,-33.0,-7.66,5.77,1.8,-0.27,0.65,0.57,0.42,4578115
393,0.04,-0.16,-0.05,1.25,-9.13,-33.0,-7.66,5.77,1.8,-0.27,0.65,0.57,0.42,4578155
394,0.04,-0.16,-0.05,1.25,-9.13,-33.0,-7.63,5.77,2.07,-0.27,0.65,0.57,0.42,4578196
395,0.04,-0.16,-0.05,1.25,-9.13,-33.0,-7.78,5.89,1.8,-0.27,0.65,0.57,0.42,4578235
396,0.03,-0.51,-0.01,1.25,-9.13,-33.0,-7.78,5.89,1.8,-0.27,0.65,0.57,0.42,4578276
397,-0.17,-0.62,0.26,1.25,-9.13,-33.0,-7.78,5.89,1.8,-0.27,0.65,0.57,0.42,4578316
398,-0.17,-0.62,0.26,1.25,-9.13,-33.0,-7.28,5.81,2.83,-0.27,0.65,0.57,0.42,4578356
399,-0.17,-0.62,0.26,1.25,-9.13,-33.0,-7.2,5.89,2.91,-0.27,0.65,0.57,0.42,4578397
400,-0.17,-0.62,0.26,1.25,-9.13,-33.0,-7.43,6.08,3.52,-0.27,0.65,0.57,0.42,4578437
401,-0.17,-0.62,0.26,-8.81,-13.0,-33.38,-7.43,6.08,3.52,-0.27,0.65,0.57,0.42,4578476
402,-0.64,-1.51,1.63,-8.81,-13.0,-33.38,-7.43,6.08,3.52,-0.27,0.65,0.57,0.42,4578516
403,-0.64,-1.51,1.63,-8.81,-13.0,-33.38,-13.95,9.1,6.39,-0.27,0.65,0.57,0.42,4578560
404,-0.64,-1.51,1.63,-8.81,-13.0,-33.38,-16.82,4.73,0.38,-0.27,0.65,0.57,0.42,4578601
405,-0.64,-1.51,1.63,-8.81,-13.0,-33.38,-17.66,-1.97,4.02,-0.27,0.65,0.57,0.42,4578643
406,-0.64,-1.51,1.63,-8.81,-13.0,-33.38,-14.18,-3.27,-10.69,-0.27,0.65,0.57,0.42,4578685
407,-5.54,0.32,-3.13,-8.81,-13.0,-33.38,-14.18,-3.27,-10.69,-0.27,0.65,0.57,0.42,4578728
408,-3.32,-0.5,-3.77,-8.81,-13.0,-33.38,-14.18,-3.27,-10.69,-0.27,0.65,0.57,0.42,4578774
409,10.63,-4.35,-7.32,-8.81,-13.0,-33.38,-14.18,-3.27,-10.69,-0.27,0.65,0.57,0.42,4578818
410,10.63,-4.35,-7.32,-8.81,-13.0,-33.38,-0.65,41.01,-6.94,-0.27,0.65,0.57,0.42,4578863
411,10.63,-4.35,-7.32,-8.81,-13.0,-33.38,7.01,26.61,-5.33,-0.27,0.65,0.57,0.42,4578906
412,10.63,-4.35,-7.32,-8.81,-13.0,-33.38,-5.13,5.08,2.11,-0.27,0.65,0.57,0.42,4578949
413,10.63,-4.35,-7.32,-8.81,-13.0,-33.38,-7.05,8.8,3.79,-0.27,0.65,0.57,0.42,4578991
414,10.63,-4.35,-7.32,-8.81,-13.0,-33.38,-6.21,5.66,4.48,-0.27,0.65,0.57,0.42,4579032
415,-0.27,0.08,0.05,-8.81,-13.0,-33.38,-6.21,5.66,4.48,-0.27,0.65,0.57,0.42,4579074
416,-0.27,0.08,0.05,-8.81,-13.0,-33.38,-7.39,5.89,2.22,-0.27,0.65,0.57,0.42,4579116
417,0.07,0.04,-0.05,-8.81,-13.0,-33.38,-7.39,5.89,2.22,-0.27,0.65,0.57,0.42,4579156
418,0.07,0.04,-0.05,-8.81,-13.0,-33.38,-7.47,5.92,2.41,-0.27,0.65,0.57,0.42,4579196
419,0.07,0.04,-0.05,-8.81,-13.0,-33.38,-7.43,5.85,2.71,-0.27,0.65,0.57,0.42,4579237
420,0.07,0.04,-0.05,-6.13,-15.81,1.5,-7.43,5.85,2.71,-0.27,0.65,0.57,0.42,4579278
421,0.04,0.05,0.02,-6.13,-15.81,1.5,-7.43,5.85,2.71,-0.27,0.65,0.57,0.42,4579318
422,0.04,0.05,0.02,-6.13,-15.81,1.5,-7.2,5.58,2.98,-0.27,0.65,0.57,0.42,4579357
423,0.04,0.05,0.02,-6.13,-15.81,1.5,-7.43,5.5,2.79,-0.27,0.65,0.57,0.42,4579397
424,0.04,0.05,0.02,-6.13,-15.81,1.5,-7.47,5.81,2.6,-0.27,0.65,0.57,0.42,4579436
425,0.04,0.05,0.02,-6.06,-14.56,1.06,-7.47,5.81,2.6,-0.27,0.65,0.57,0.42,4579474
426,-0.04,0.05,0.17,-6.06,-14.56,1.06,-7.47,5.81,2.6,-0.27,0.65,0.57,0.42,4579514
427,-0.04,0.05,0.17,-6.06,-14.56,1.06,-7.43,5.92,2.45,-0.27,0.65,0.57,0.42,4579555
428,-0.04,0.05,0.17,-6.06,-14.56,1.06,-7.59,5.89,2.11,-0.27,0.65,0.57,0.42,4579595
429,-0.04,0.05,0.17,-6.06,-14.56,1.06,-7.47,6.11,2.26,-0.27,0.65,0.57,0.42,4579634
430,-0.17,-0.79,0.63,-6.06,-14.56,1.06,-7.47,6.11,2.26,-0.27,0.65,0.57,0.42,4579674
431,-0.17,-0.79,0.63,-6.06,-14.56,1.06,-10.27,7.11,2.45,-0.27,0.65,0.57,0.42,4579715
432,1.96,-1.33,4.65,-6.06,-14.56,1.06,-10.27,7.11,2.45,-0.27,0.65,0.57,0.42,4579756
433,1.96,-1.33,4.65,-6.06,-14.56,1.06,-19.65,11.13,6.2,-0.27,0.65,0.57,0.42,4579795
434,1.96,-1.33,4.65,-6.06,-14.56,1.06,-16.13,5.89,-1.42,-0.27,0.65,0.57,0.42,4579835
435,1.96,-1.33,4.65,-6.06,-14.56,1.06,-16.13,5.89,-1.42,0.31,0.5,0.57,0.58,4579876
436,0.39,-0.78,0.17,-6.06,-14.56,1.06,-16.13,5.89,-1.42,0.31,0.5,0.57,0.58,4579916
437,0.39,-0.78,0.17,-6.06,-14.56,1.06,1.19,0.06,3.45,0.31,0.5,0.57,0.58,4579956
438,0.39,-0.78,0.17,-6.06,-14.56,1.06,-5.21,1.9,-0.08,0.31,0.5,0.57,0.58,4579996
439,0.39,-0.78,0.17,-6.06,-14.56,1.06,-3.91,-1.36,-2.49,0.31,0.5,0.57,0.58,4580035
440,0.39,-0.78,0.17,-14.69,-22.31,5.31,-3.91,-1.36,-2.49,0.31,0.5,0.57,0.58,4580074
441,0.39,-0.78,0.17,-14.69,-22.31,5.31,-4.9,6.0,3.21,0.31,0.5,0.57,0.58,4580115
442,0.39,-0.78,0.17,-14.69,-22.31,5.31,-8.08,8.57,0.0,0.31,0.5,0.57,0.58,4580156
443,0.39,-0.78,0.17,-14.69,-22.31,5.31,-8.5,12.4,0.53,0.31,0.5,0.57,0.58,4580196
444,0.39,-0.78,0.17,-14.69,-22.31,5.31,-9.46,14.08,0.76,0.31,0.5,0.57,0.58,4580236
445,0.39,-0.78,0.17,13.19,-27.25,-1.75,-9.46,14.08,0.76,0.31,0.5,0.57,0.58,4580276
446,-0.69,0.35,-0.7,13.19,-27.25,-1.75,-9.46,14.08,0.76,0.31,0.5,0.57,0.58,4580316
447,-0.69,0.35,-0.7,13.19,-27.25,-1.75,-6.7,8.99,0.65,0.31,0.5,0.57,0.58,4580357
448,-0.69,0.35,-0.7,13.19,-27.25,-1.75,-14.48,-2.01,5.74,0.31,0.5,0.57,0.58,4580397
449,-0.69,0.35,-0.7,13.19,-27.25,-1.75,-8.43,10.06,1.72,0.31,0.5,0.57,0.58,4580439
450,-0.69,0.35,-0.7,15.75,-26.5,4.06,-8.43,10.06,1.72,0.31,0.5,0.57,0.58,4580478
451,0.1,0.65,0.32,15.75,-26.5,4.06,-8.43,10.06,1.72,0.31,0.5,0.57,0.58,4580519
452,0.1,0.65,0.32,15.75,-26.5,4.06,-8.81,3.78,0.84,0.31,0.5,0.57,0.58,4580560
453,0.1,0.65,0.32,15.75,-26.5,4.06,-8.93,4.35,0.23,0.31,0.5,0.57,0.58,4580600
454,0.1,0.65,0.32,15.75,-26.5,4.06,-8.93,4.54,-0.12,0.31,0.5,0.57,0.58,4580639
455,0.1,0.65,0.32,15.75,-26.5,4.06,-8.54,4.73,0.53,0.31,0.5,0.57,0.58,4580678
456,-0.15,0.29,0.46,15.75,-26.5,4.06,-8.54,4.73,0.53,0.31,0.5,0.57,0.58,4580716
457,0.5,0.25,0.5,15.75,-26.5,4.06,-8.54,4.73,0.53,0.31,0.5,0.57,0.58,4580755
458,0.5,0.25,0.5,15.75,-26.5,4.06,-8.31,5.23,0.0,0.31,0.5,0.57,0.58,4580795
459,0.5,0.25,0.5,15.75,-26.5,4.06,-8.27,5.2,0.15,0.31,0.5,0.57,0.58,4580833
460,-0.08,-0.26,0.4,15.75,-26.5,4.06,-8.27,5.2,0.15,0.31,0.5,0.57,0.58,4580873
461,-0.02,-0.28,0.48,15.75,-26.5,4.06,-8.27,5.2,0.15,0.31,0.5,0.57,0.58,4580914
462,-0.02,-0.28,0.48,15.75,-26.5,4.06,-8.46,5.62,0.19,0.31,0.5,0.57,0.58,4580954
463,-0.02,-0.28,0.48,15.75,-26.5,4.06,-9.54,5.89,0.46,0.31,0.5,0.57,0.58,4580995
464,-0.02,-0.28,0.48,15.75,-26.5,4.06,-7.97,9.37,-0.43,0.31,0.5,0.57,0.58,4581033
465,1.11,-5.68,5.55,15.75,-26.5,4.06,-7.97,9.37,-0.43,0.31,0.5,0.57,0.58,4581073
466,0.05,-0.74,4.52,15.75,-26.5,4.06,-7.97,9.37,-0.43,0.31,0.5,0.57,0.58,4581113
467,0.05,-0.74,4.52,15.75,-26.5,4.06,-15.4,3.74,-0.04,0.31,0.5,0.57,0.58,4581154
468,0.05,-0.74,4.52,15.75,-26.5,4.06,-6.7,7.15,0.69,0.31,0.5,0.57,0.58,4581194
469,0.05,-0.74,4.52,15.75,-26.5,4.06,-5.09,1.44,1.61,0.31,0.5,0.57,0.58,4581232
470,-0.14,-0.13,-1.17,15.75,-26.5,4.06,-5.09,1.44,1.61,0.31,0.5,0.57,0.58,4581273
471,0.39,-0.36,-2.2,15.75,-26.5,4.06,-5.09,1.44,1.61,0.31,0.5,0.57,0.58,4581313
472,0.85,-0.81,-3.08,15.75,-26.5,4.06,-5.09,1.44,1.61,0.31,0.5,0.57,0.58,4581354
473,0.85,-0.81,-3.08,15.75,-26.5,4.06,-5.98,4.2,-0.31,0.31,0.5,0.57,0.58,4581393
474,0.85,-0.81,-3.08,15.75,-26.5,4.06,-6.17,5.31,-0.62,0.31,0.5,0.57,0.58,4581433
475,-0.74,0.8,-4.11,15.75,-26.5,4.06,-6.17,5.31,-0.62,0.31,0.5,0.57,0.58,4581473
476,0.04,0.19,-4.36,15.75,-26.5,4.06,-6.17,5.31,-0.62,0.31,0.5,0.57,0.58,4581514
477,0.04,0.19,-4.36,15.75,-26.5,4.06,-8.46,19.48,2.26,0.31,0.5,0.57,0.58,4581554
478,0.04,0.19,-4.36,15.75,-26.5,4.06,0.04,23.81,2.03,0.31,0.5,0.57,0.58,4581594
479,0.04,0.19,-4.36,15.75,-26.5,4.06,-8.24,10.64,-0.23,0.31,0.5,0.57,0.58,4581632
480,1.24,-0.76,2.52,15.75,-26.5,4.06,-8.24,10.64,-0.23,0.31,0.5,0.57,0.58,4581672
481,1.24,-0.76,2.52,15.75,-26.5,4.06,-20.53,12.59,2.91,0.31,0.5,0.57,0.58,4581713
482,0.32,-0.01,0.63,15.75,-26.5,4.06,-20.53,12.59,2.91,0.31,0.5,0.57,0.58,4581754
483,0.32,-0.01,0.63,15.75,-26.5,4.06,-9.0,4.24,1.49,0.31,0.5,0.57,0.58,4581794
484,0.32,-0.01,0.63,15.75,-26.5,4.06,-8.85,3.66,2.07,0.31,0.5,0.57,0.58,4581833
485,-0.27,-0.28,0.66,15.75,-26.5,4.06,-8.85,3.66,2.07,0.31,0.5,0.57,0.58,4581874
486,0.04,0.54,0.4,15.75,-26.5,4.06,-8.85,3.66,2.07,0.31,0.5,0.57,0.58,4581913
487,0.04,0.54,0.4,15.75,-26.5,4.06,-8.89,4.31,0.07,0.31,0.5,0.57,0.58,4581953
488,0.04,0.54,0.4,15.75,-26.5,4.06,-8.46,4.81,0.72,0.31,0.5,0.57,0.58,4581993
489,0.04,0.54,0.4,15.75,-26.5,4.06,-8.54,4.77,0.23,0.31,0.5,0.57,0.58,4582031
490,0.01,-0.04,0.5,15.75,-26.5,4.06,-8.54,4.77,0.23,0.31,0.5,0.57,0.58,4582070
491,-0.12,0.18,0.57,15.75,-26.5,4.06,-8.54,4.77,0.23,0.31,0.5,0.57,0.58,4582110
492,-0.12,0.18,0.57,15.75,-26.5,4.06,-8.35,5.2,0.3,0.31,0.5,0.57,0.58,4582151
493,-0.12,0.18,0.57,15.75,-26.5,4.06,-8.04,5.7,0.65,0.31,0.5,0.57,0.58,4582191
494,-0.12,0.18,0.57,15.75,-26.5,4.06,-8.08,5.73,0.27,0.31,0.5,0.57,0.58,4582228
495,-0.54,-0.95,0.72,15.75,-26.5,4.06,-8.08,5.73,0.27,0.31,0.5,0.57,0.58,4582269
496,-0.54,-0.95,0.72,15.75,-26.5,4.06,-9.23,6.0,0.8,0.31,0.5,0.57,0.58,4582310
497,-1.59,-2.52,3.97,15.75,-26.5,4.06,-9.23,6.0,0.8,0.31,0.5,0.57,0.58,4582351
498,-1.59,-2.52,3.97,15.75,-26.5,4.06,-15.97,14.08,1.57,0.31,0.5,0.57,0.58,4582391
499,-1.59,-2.52,3.97,15.75,-26.5,4.06,-11.76,10.48,3.29,0.31,0.5,0.57,0.58,4582431
500,-0.12,0.73,1.47,15.75,-26.5,4.06,-11.76,10.48,3.29,0.31,0.5,0.57,0.58,4582473
501,-1.19,0.84,0.59,15.75,-26.5,4.06,-11.76,10.48,3.29,0.31,0.5,0.57,0.58,4582514
502,-1.19,0.84,0.59,15.75,-26.5,4.06,-6.44,-0.74,0.92,0.31,0.5,0.57,0.58,4582554
503,-1.19,0.84,0.59,15.75,-26.5,4.06,-3.6,1.48,-1.27,0.31,0.5,0.57,0.58,4582594
504,-1.19,0.84,0.59,15.75,-26.5,4.06,-3.6,5.2,4.71,0.31,0.5,0.57,0.58,4582633
505,-0.41,0.13,-2.05,15.75,-26.5,4.06,-3.6,5.2,4.71,0.31,0.5,0.57,0.58,4582673
506,-0.41,0.13,-2.05,15.75,-26.5,4.06,-3.03,10.21,2.98,0.31,0.5,0.57,0.58,4582714
507,1.12,-0.18,-1.7,15.75,-26.5,4.06,-3.03,10.21,2.98,0.31,0.5,0.57,0.58,4582755
508,1.12,-0.18,-1.7,15.75,-26.5,4.06,-4.18,14.66,1.76,0.31,0.5,0.57,0.58,4582795
509,1.12,-0.18,-1.7,15.75,-26.5,4.06,-6.44,16.46,7.43,0.31,0.5,0.57,0.58,4582834
510,-1.35,0.98,1.64,15.75,-26.5,4.06,-6.44,16.46,7.43,0.31,0.5,0.57,0.58,4582875
511,-0.35,0.67,0.46,15.75,-26.5,4.06,-6.44,16.46,7.43,0.31,0.5,0.57,0.58,4582915
512,-0.35,0.67,0.46,15.75,-26.5,4.06,-7.28,5.89,2.03,0.31,0.5,0.57,0.58,4582955
513,-0.35,0.67,0.46,15.75,-26.5,4.06,-7.89,5.89,1.68,0.31,0.5,0.57,0.58,4582994
514,-0.35,0.67,0.46,15.75,-26.5,4.06,-7.7,5.58,2.26,0.31,0.5,0.57,0.58,4583034
515,-0.35,0.67,0.46,0.19,-33.5,7.81,-7.7,5.58,2.26,0.31,0.5,0.57,0.58,4583072
516,0.13,0.37,-0.1,0.19,-33.5,7.81,-7.7,5.58,2.26,0.31,0.5,0.57,0.58,4583111
517,0.13,0.37,-0.1,0.19,-33.5,7.81,-7.97,5.39,1.84,0.31,0.5,0.57,0.58,4583152
518,0.13,0.37,-0.1,0.19,-33.5,7.81,-7.93,5.35,1.8,0.31,0.5,0.57,0.58,4583191
519,0.13,0.37,-0.1,0.19,-33.5,7.81,-8.04,5.31,1.61,0.31,0.5,0.57,0.58,4583229
520,0.01,0.09,-0.01,0.19,-33.5,7.81,-8.04,5.31,1.61,0.31,0.5,0.57,0.58,4583269
521,0.01,0.09,-0.01,0.19,-33.5,7.81,-8.01,5.31,1.84,0.31,0.5,0.57,0.58,4583309
522,-0.11,-0.46,-0.16,0.19,-33.5,7.81,-8.01,5.31,1.84,0.31,0.5,0.57,0.58,4583347
523,-0.11,-0.46,-0.16,0.19,-33.5,7.81,-8.85,5.62,2.56,0.31,0.5,0.57,0.58,4583387
524,-0.11,-0.46,-0.16,0.19,-33.5,7.81,-8.04,5.39,1.68,0.31,0.5,0.57,0.58,4583425
525,-0.11,-0.46,-0.16,0.19,-33.5,7.81,-7.89,5.35,1.88,0.31,0.5,0.57,0.58,4583464
526,0.01,0.0,0.04,0.19,-33.5,7.81,-7.89,5.35,1.88,0.31,0.5,0.57,0.58,4583504
527,0.01,0.0,0.04,0.19,-33.5,7.81,-7.93,5.39,1.88,0.31,0.5,0.57,0.58,4583543
528,0.01,0.0,0.04,0.19,-33.5,7.81,-7.89,5.43,1.95,0.31,0.5,0.57,0.58,4583580
529,0.01,0.0,0.04,0.19,-33.5,7.81,-7.89,5.43,1.95,0.31,0.5,0.57,0.58,4583621
530,-0.01,-0.03,0.05,0.19,-33.5,7.81,-7.89,5.43,1.95,0.31,0.5,0.57,0.58,4583660
531,-0.01,-0.03,0.05,0.19,-33.5,7.81,-7.78,5.46,1.95,0.31,0.5,0.57,0.58,4583700
532,-0.01,-0.03,0.05,0.19,-33.5,7.81,-7.89,5.43,1.84,0.31,0.5,0.57,0.58,4583740
533,-0.01,-0.03,0.05,0.19,-33.5,7.81,-7.89,5.54,1.91,0.31,0.5,0.57,0.58,4583779
534,0.02,0.02,-0.02,0.19,-33.5,7.81,-7.89,5.54,1.91,0.31,0.5,0.57,0.58,4583819
535,0.03,0.04,0.0,0.19,-33.5,7.81,-7.89,5.54,1.91,0.31,0.5,0.57,0.58,4583858
536,0.03,0.04,0.0,0.19,-33.5,7.81,-7.85,5.5,1.84,0.31,0.5,0.57,0.58,4583896
537,0.03,0.04,0.0,0.19,-33.5,7.81,-7.78,5.43,1.8,0.31,0.5,0.57,0.58,4583934
538,0.03,0.04,0.0,0.25,-34.44,7.19,-7.78,5.43,1.8,0.31,0.5,0.57,0.58,4583971
539,0.02,0.05,-0.03,0.25,-34.44,7.19,-7.78,5.43,1.8,0.31,0.5,0.57,0.58,4584011
540,0.02,0.05,-0.03,0.25,-34.44,7.19,-7.85,5.46,1.84,0.31,0.5,0.57,0.58,4584050
541,0.02,0.05,-0.03,0.25,-34.44,7.19,-7.93,5.54,1.8,0.31,0.5,0.57,0.58,4584091
542,0.02,0.05,-0.03,0.25,-34.44,7.19,-7.93,5.5,1.72,0.31,0.5,0.57,0.58,4584128
543,0.02,0.1,-0.07,0.25,-34.44,7.19,-7.93,5.5,1.72,0.31,0.5,0.57,0.58,4584167
544,0.02,0.1,-0.07,0.25,-34.44,7.19,-8.04,5.27,1.57,0.31,0.5,0.57,0.58,4584206
545,0.02,0.1,-0.07,0.25,-34.44,7.19,-7.89,5.46,1.76,0.31,0.5,0.57,0.58,4584244
546,0.02,0.1,-0.07,0.25,-34.44,7.19,-7.89,5.43,1.68,0.31,0.5,0.57,0.58,4584282
547,0.03,0.12,-0.07,0.25,-34.44,7.19,-7.89,5.43,1.68,0.31,0.5,0.57,0.58,4584322
548,0.04,0.2,-0.11,0.25,-34.44,7.19,-7.89,5.43,1.68,0.31,0.5,0.57,0.58,4584360
549,0.04,0.2,-0.11,0.25,-34.44,7.19,-8.2,5.31,1.26,0.31,0.5,0.57,0.58,4584401
550,0.04,0.2,-0.11,0.25,-34.44,7.19,-7.93,5.27,1.68,0.31,0.5,0.57,0.58,4584440
551,0.04,0.2,-0.11,0.25,-34.44,7.19,-8.01,5.27,1.49,0.31,0.5,0.57,0.58,4584478
552,-0.01,0.13,-0.13,0.25,-34.44,7.19,-8.01,5.27,1.49,0.31,0.5,0.57,0.58,4584518
553,-0.01,0.13,-0.13,0.25,-34.44,7.19,-8.12,5.12,1.41,0.31,0.5,0.57,0.58,4584559
554,0.04,-0.08,-0.06,0.25,-34.44,7.19,-8.12,5.12,1.41,0.31,0.5,0.57,0.58,4584599
555,0.04,-0.08,-0.06,0.25,-34.44,7.19,-8.2,5.16,1.34,0.31,0.5,0.57,0.58,4584639
556,0.04,-0.08,-0.06,0.25,-34.44,7.19,-8.2,5.23,1.22,0.31,0.5,0.57,0.58,4584677
557,0.04,-0.21,-0.03,0.25,-34.44,7.19,-8.2,5.23,1.22,0.31,0.5,0.57,0.58,4584717
558,0.01,-0.2,-0.08,0.25,-34.44,7.19,-8.2,5.23,1.22,0.31,0.5,0.57,0.58,4584756
559,0.01,-0.2,-0.08,0.25,-34.44,7.19,-8.43,5.58,1.3,0.31,0.5,0.57,0.58,4584795
560,0.01,-0.2,-0.08,0.25,-34.44,7.19,-8.31,5.0,1.61,0.31,0.5,0.57,0.58,4584834
561,0.01,-0.2,-0.08,3.19,-34.75,8.31,-8.31,5.0,1.61,0.31,0.5,0.57,0.58,4584872
562,-0.04,-0.26,-0.11,3.19,-34.75,8.31,-8.31,5.0,1.61,0.31,0.5,0.57,0.58,4584912
563,-0.13,-0.47,-0.13,3.19,-34.75,8.31,-8.31,5.0,1.61,0.31,0.5,0.57,0.58,4584952
564,-0.13,-0.47,-0.13,3.19,-34.75,8.31,-8.24,4.73,2.07,0.31,0.5,0.57,0.58,4584992
565,-0.13,-0.47,-0.13,3.19,-34.75,8.31,-7.85,5.04,2.91,0.31,0.5,0.57,0.58,4585031
566,-0.76,-0.54,-0.01,3.19,-34.75,8.31,-7.85,5.04,2.91,0.31,0.5,0.57,0.58,4585072
567,-0.13,2.68,-0.2,3.19,-34.75,8.31,-7.85,5.04,2.91,0.31,0.5,0.57,0.58,4585112
568,-0.13,2.68,-0.2,3.19,-34.75,8.31,-1.91,12.4,4.63,0.31,0.5,0.57,0.58,4585151
569,-0.13,2.68,-0.2,3.19,-34.75,8.31,-2.3,11.36,-2.84,0.31,0.5,0.57,0.58,4585192
570,-0.13,2.68,-0.2,3.19,-34.75,8.31,-5.75,10.33,-3.64,0.31,0.5,0.57,0.58,4585231
571,-5.31,2.74,2.1,3.19,-34.75,8.31,-5.75,10.33,-3.64,0.31,0.5,0.57,0.58,4585272
572,-5.31,2.74,2.1,3.19,-34.75,8.31,-7.89,6.65,-0.04,0.31,0.5,0.57,0.58,4585313
573,-2.4,1.29,1.58,3.19,-34.75,8.31,-7.89,6.65,-0.04,0.31,0.5,0.57,0.58,4585352
574,-2.4,1.29,1.58,3.19,-34.75,8.31,-9.04,3.39,0.19,0.31,0.5,0.57,0.58,4585392
575,-2.4,1.29,1.58,3.19,-34.75,8.31,-8.27,2.05,-0.08,0.31,0.5,0.57,0.58,4585428
576,-1.69,1.36,0.01,3.19,-34.75,8.31,-8.27,2.05,-0.08,0.31,0.5,0.57,0.58,4585470
577,-1.9,1.45,-0.51,3.19,-34.75,8.31,-8.27,2.05,-0.08,0.31,0.5,0.57,0.58,4585509
578,-1.9,1.45,-0.51,3.19,-34.75,8.31,-7.7,6.3,1.11,0.31,0.5,0.57,0.58,4585549
579,-1.9,1.45,-0.51,3.19,-34.75,8.31,-7.66,5.89,0.27,0.31,0.5,0.57,0.58,4585589
580,-1.9,1.45,-0.51,3.19,-34.75,8.31,-8.08,5.96,-0.12,0.31,0.5,0.57,0.58,4585627
581,-1.33,1.2,-0.23,3.19,-34.75,8.31,-8.08,5.96,-0.12,0.31,0.5,0.57,0.58,4585668
582,-0.42,0.62,0.17,3.19,-34.75,8.31,-8.08,5.96,-0.12,0.31,0.5,0.57,0.58,4585708
583,-0.42,0.62,0.17,3.19,-34.75,8.31,-13.52,1.82,0.3,0.31,0.5,0.57,0.58,4585749
584,-0.42,0.62,0.17,3.19,-34.75,8.31,-8.46,3.93,3.29,0.31,0.5,0.57,0.58,4585789
585,-0.42,0.62,0.17,3.19,-34.75,8.31,-5.98,3.86,1.07,0.31,0.5,0.57,0.58,4585826
586,0.03,0.24,0.44,3.19,-34.75,8.31,-5.98,3.86,1.07,0.31,0.5,0.57,0.58,4585865
587,0.03,0.24,0.44,3.19,-34.75,8.31,-8.16,4.77,1.88,0.31,0.5,0.57,0.58,4585904
588,0.03,0.24,0.44,3.19,-34.75,8.31,-7.2,3.7,0.88,0.31,0.5,0.57,0.58,4585943
589,0.03,0.24,0.44,3.19,-34.75,8.31,-7.93,4.81,1.26,0.31,0.5,0.57,0.58,4585979
590,0.51,0.2,0.02,3.19,-34.75,8.31,-7.93,4.81,1.26,0.31,0.5,0.57,0.58,4586019
591,0.51,0.2,0.02,3.19,-34.75,8.31,-10.11,6.77,1.45,0.31,0.5,0.57,0.58,4586058
592,0.51,0.2,0.02,3.19,-34.75,8.31,-8.2,4.73,0.65,0.31,0.5,0.57,0.58,4586098
593,0.51,0.2,0.02,3.19,-34.75,8.31,-8.01,5.0,0.69,0.31,0.5,0.57,0.58,4586138
594,0.51,0.2,0.02,3.19,-34.75,8.31,-8.39,5.16,0.84,0.31,0.5,0.57,0.58,4586174
595,-0.15,0.12,0.32,3.19,-34.75,8.31,-8.39,5.16,0.84,0.31,0.5,0.57,0.58,4586213
596,-0.15,0.12,0.32,3.19,-34.75,8.31,-7.85,5.27,0.84,0.31,0.5,0.57,0.58,4586253
597,-0.15,0.12,0.32,3.19,-34.75,8.31,-6.55,5.04,0.42,0.31,0.5,0.57,0.58,4586292
598,-0.15,0.12,0.32,3.19,-34.75,8.31,-10.38,6.73,0.57,0.31,0.5,0.57,0.58,4586330
599,0.31,-0.28,0.59,3.19,-34.75,8.31,-10.38,6.73,0.57,0.31,0.5,0.57,0.58,4586370
600,0.31,-0.28,0.59,3.19,-34.75,8.31,-7.55,6.08,0.76,0.31,0.5,0.57,0.58,4586411
601,-0.27,0.11,1.17,3.19,-34.75,8.31,-7.55,6.08,0.76,0.31,0.5,0.57,0.58,4586448
602,-0.27,0.11,1.17,3.19,-34.75,8.31,-7.78,6.84,1.45,0.31,0.5,0.57,0.58,4586488
603,-0.27,0.11,1.17,3.19,-34.75,8.31,-7.36,7.19,0.88,0.31,0.5,0.57,0.58,4586526
604,-0.27,0.11,1.17,3.19,-34.75,8.31,-7.66,9.14,0.07,0.31,0.5,0.57,0.58,4586565
605,0.69,-0.23,3.09,3.19,-34.75,8.31,-7.66,9.14,0.07,0.31,0.5,0.57,0.58,4586604
606,0.69,-0.23,3.09,3.19,-34.75,8.31,-16.13,10.67,3.1,0.31,0.5,0.57,0.58,4586643
607,0.69,-0.23,3.09,3.19,-34.75,8.31,-10.3,8.26,1.88,0.31,0.5,0.57,0.58,4586682
608,-1.75,3.06,1.45,3.19,-34.75,8.31,-10.3,8.26,1.88,0.31,0.5,0.57,0.58,4586723
609,-0.05,1.87,1.15,3.19,-34.75,8.31,-10.3,8.26,1.88,0.31,0.5,0.57,0.58,4586762
610,-0.05,1.87,1.15,3.19,-34.75,8.31,-3.79,2.13,3.79,0.31,0.5,0.57,0.58,4586801
611,-0.05,1.87,1.15,3.19,-34.75,8.31,-2.99,2.48,2.3,0.31,0.5,0.57,0.58,4586841
612,-0.05,1.87,1.15,3.19,-34.75,8.31,-3.18,1.79,2.18,0.31,0.5,0.57,0.58,4586878
613,-1.21,0.7,-2.07,3.19,-34.75,8.31,-3.18,1.79,2.18,0.31,0.5,0.57,0.58,4586917
614,-0.89,0.52,-2.96,3.19,-34.75,8.31,-3.18,1.79,2.18,0.31,0.5,0.57,0.58,4586957
615,-0.89,0.52,-2.96,3.19,-34.75,8.31,-6.09,5.66,1.91,0.31,0.5,0.57,0.58,4586996
616,-0.89,0.52,-2.96,3.19,-34.75,8.31,-6.59,7.61,1.34,0.31,0.5,0.57,0.58,4587037
617,-0.89,0.52,-2.96,3.19,-34.75,8.31,-7.43,10.6,2.26,0.31,0.5,0.57,0.58,4587075
618,-0.18,1.22,-3.28,3.19,-34.75,8.31,-7.43,10.6,2.26,0.31,0.5,0.57,0.58,4587115
619,-0.18,1.22,-3.28,3.19,-34.75,8.31,-7.7,13.59,3.41,0.31,0.5,0.57,0.58,4587155
620,-1.03,1.03,-1.49,3.19,-34.75,8.31,-7.7,13.59,3.41,0.31,0.5,0.57,0.58,4587195
621,-1.03,1.03,-1.49,3.19,-34.75,8.31,-8.58,16.92,1.72,0.31,0.5,0.57,0.58,4587234
622,-1.03,1.03,-1.49,25.13,17.19,-0.94,-8.58,16.92,1.72,0.31,0.5,0.57,0.58,4587273
623,-1.03,1.03,-1.49,25.13,17.19,-0.94,-16.78,4.81,4.52,0.31,0.5,0.57,0.58,4587313
624,-1.03,1.03,-1.49,25.13,17.19,-0.94,-8.39,4.85,0.19,0.31,0.5,0.57,0.58,4587354
625,-1.03,1.03,-1.49,25.13,17.19,-0.94,-8.73,3.01,0.69,0.31,0.5,0.57,0.58,4587394
626,-1.03,1.03,-1.49,25.13,17.19,-0.94,-8.93,5.66,0.57,0.31,0.5,0.57,0.58,4587431
627,0.02,0.34,0.25,25.13,17.19,-0.94,-8.93,5.66,0.57,0.31,0.5,0.57,0.58,4587472
628,0.15,0.32,0.4,25.13,17.19,-0.94,-8.93,5.66,0.57,0.31,0.5,0.57,0.58,4587511
629,0.15,0.32,0.4,25.13,17.19,-0.94,-8.62,3.89,0.27,0.31,0.5,0.57,0.58,4587550
630,0.15,0.32,0.4,25.13,17.19,-0.94,-8.5,4.73,1.07,0.31,0.5,0.57,0.58,4587589
631,0.15,0.32,0.4,25.13,17.19,-0.94,-8.7,4.58,-0.08,0.31,0.5,0.57,0.58,4587627
632,-0.14,0.25,0.45,25.13,17.19,-0.94,-8.7,4.58,-0.08,0.31,0.5,0.57,0.58,4587667
633,-0.02,0.1,0.49,25.13,17.19,-0.94,-8.7,4.58,-0.08,0.31,0.5,0.57,0.58,4587708
634,-0.02,0.1,0.49,25.13,17.19,-0.94,-8.46,5.08,0.07,0.31,0.5,0.57,0.58,4587748
635,-0.02,0.1,0.49,25.13,17.19,-0.94,-8.27,5.27,0.15,0.31,0.5,0.57,0.58,4587789
636,-0.02,0.1,0.49,25.13,17.19,-0.94,-8.01,5.66,-0.04,0.31,0.5,0.57,0.58,4587827
637,-0.29,-0.32,0.7,25.13,17.19,-0.94,-8.01,5.66,-0.04,0.31,0.5,0.57,0.58,4587868
638,-0.29,-0.32,0.7,25.13,17.19,-0.94,-7.97,5.89,0.07,0.31,0.5,0.57,0.58,4587910
639,-0.07,-0.78,1.2,25.13,17.19,-0.94,-7.97,5.89,0.07,0.31,0.5,0.57,0.58,4587951
640,-0.07,-0.78,1.2,25.13,17.19,-0.94,-5.32,8.03,0.92,0.31,0.5,0.57,0.58,4587991
641,-0.07,-0.78,1.2,25.13,17.19,-0.94,-6.78,9.26,-0.58,0.31,0.5,0.57,0.58,4588029
642,1.58,-0.4,3.05,25.13,17.19,-0.94,-6.78,9.26,-0.58,0.31,0.5,0.57,0.58,4588070
643,0.79,1.44,3.34,25.13,17.19,-0.94,-6.78,9.26,-0.58,0.31,0.5,0.57,0.58,4588111
644,0.79,1.44,3.34,25.13,17.19,-0.94,-14.33,8.84,3.02,0.31,0.5,0.57,0.58,4588151
645,0.79,1.44,3.34,25.13,17.19,-0.94,-6.63,3.16,-0.81,0.31,0.5,0.57,0.58,4588192
646,0.79,1.44,3.34,25.13,17.19,-0.94,-7.13,-1.36,3.1,0.31,0.5,0.57,0.58,4588230
647,0.31,0.01,-1.27,25.13,17.19,-0.94,-7.13,-1.36,3.1,0.31,0.5,0.57,0.58,4588270
648,-0.1,0.31,-2.1,25.13,17.19,-0.94,-7.13,-1.36,3.1,0.31,0.5,0.57,0.58,4588310
649,-0.1,0.31,-2.1,25.13,17.19,-0.94,-3.98,4.93,2.56,0.31,0.5,0.57,0.58,4588351
650,-0.1,0.31,-2.1,25.13,17.19,-0.94,-5.82,6.38,1.18,0.31,0.5,0.57,0.58,4588392
651,-0.1,0.31,-2.1,25.13,17.19,-0.94,-6.28,7.04,1.14,0.31,0.5,0.57,0.58,4588430
652,-0.04,0.54,-3.38,25.13,17.19,-0.94,-6.28,7.04,1.14,0.31,0.5,0.57,0.58,4588471
653,0.21,0.07,-3.38,25.13,17.19,-0.94,-6.28,7.04,1.14,0.31,0.5,0.57,0.58,4588511
654,-0.44,1.49,-3.09,25.13,17.19,-0.94,-6.28,7.04,1.14,0.31,0.5,0.57,0.58,4588550
655,-0.44,1.49,-3.09,25.13,17.19,-0.94,-5.13,13.32,3.37,0.31,0.5,0.57,0.58,4588591
656,-0.44,1.49,-3.09,25.13,17.19,-0.94,-5.82,11.86,1.8,0.31,0.5,0.57,0.58,4588630
657,0.15,0.53,-0.48,25.13,17.19,-0.94,-5.82,11.86,1.8,0.31,0.5,0.57,0.58,4588670
658,0.63,-0.87,0.71,25.13,17.19,-0.94,-5.82,11.86,1.8,0.31,0.5,0.57,0.58,4588711
659,0.63,-0.87,0.71,25.13,17.19,-0.94,-15.67,0.02,7.81,0.31,0.5,0.57,0.58,4588751
660,0.63,-0.87,0.71,25.13,17.19,-0.94,-7.74,4.73,1.11,0.31,0.5,0.57,0.58,4588791
661,0.63,-0.87,0.71,25.13,17.19,-0.94,-8.7,4.39,1.14,0.31,0.5,0.57,0.58,4588830
662,-0.01,0.03,0.33,25.13,17.19,-0.94,-8.7,4.39,1.14,0.31,0.5,0.57,0.58,4588869
663,-0.01,0.03,0.33,25.13,17.19,-0.94,-9.12,4.51,1.18,0.31,0.5,0.57,0.58,4588910
664,0.36,-0.05,0.36,25.13,17.19,-0.94,-9.12,4.51,1.18,0.31,0.5,0.57,0.58,4588949
665,0.36,-0.05,0.36,25.13,17.19,-0.94,-8.5,4.7,0.72,0.31,0.5,0.57,0.58,4588989
666,0.36,-0.05,0.36,25.13,17.19,-0.94,-8.73,4.89,0.92,0.31,0.5,0.57,0.58,4589027
667,0.39,-0.58,0.54,25.13,17.19,-0.94,-8.73,4.89,0.92,0.31,0.5,0.57,0.58,4589069
668,-0.25,0.25,0.39,25.13,17.19,-0.94,-8.73,4.89,0.92,0.31,0.5,0.57,0.58,4589108
669,-0.25,0.25,0.39,25.13,17.19,-0.94,-8.12,5.43,0.3,0.31,0.5,0.57,0.58,4589148
670,-0.25,0.25,0.39,25.13,17.19,-0.94,-7.74,5.73,0.53,0.31,0.5,0.57,0.58,4589188
671,-0.25,0.25,0.39,25.13,17.19,-0.94,-8.54,5.0,0.84,0.31,0.5,0.57,0.58,4589227
672,-0.09,-0.12,0.53,25.13,17.19,-0.94,-8.54,5.0,0.84,0.31,0.5,0.57,0.58,4589265
673,0.15,0.11,0.63,25.13,17.19,-0.94,-8.54,5.0,0.84,0.31,0.5,0.57,0.58,4589305
674,0.15,0.11,0.63,25.13,17.19,-0.94,-7.7,6.15,0.46,0.31,0.5,0.57,0.58,4589343
675,0.15,0.11,0.63,25.13,17.19,-0.94,-7.43,6.73,0.69,0.31,0.5,0.57,0.58,4589382
676,0.15,0.11,0.63,16.25,3.06,21.31,-7.43,6.73,0.69,0.31,0.5,0.57,0.58,4589420
677,0.15,0.07,1.45,16.25,3.06,21.31,-7.43,6.73,0.69,0.31,0.5,0.57,0.58,4589460
678,0.15,0.07,1.45,16.25,3.06,21.31,-8.04,7.76,0.69,0.31,0.5,0.57,0.58,4589498
679,0.15,0.07,1.45,16.25,3.06,21.31,-9.62,8.99,1.84,0.31,0.5,0.57,0.58,4589537
680,0.15,0.07,1.45,16.25,3.06,21.31,-13.33,10.64,3.14,0.31,0.5,0.57,0.58,4589575
681,-0.21,0.41,3.02,16.25,3.06,21.31,-13.33,10.64,3.14,0.31,0.5,0.57,0.58,4589614
682,-0.21,0.41,3.02,16.25,3.06,21.31,-9.88,7.0,1.3,0.31,0.5,0.57,0.58,4589654
683,-0.21,0.41,3.02,16.25,3.06,21.31,-6.93,7.76,-0.92,0.31,0.5,0.57,0.58,4589693
684,-0.21,0.41,3.02,16.25,3.06,21.31,-1.04,3.43,0.5,0.31,0.5,0.57,0.58,4589732
685,-0.21,0.41,3.02,17.63,-16.25,15.56,-1.04,3.43,0.5,0.31,0.5,0.57,0.58,4589770
686,-1.56,-0.97,-1.6,17.63,-16.25,15.56,-1.04,3.43,0.5,0.31,0.5,0.57,0.58,4589810
687,-1.56,-0.97,-1.6,17.63,-16.25,15.56,-2.99,4.93,-2.19,0.31,0.5,0.57,0.58,4589851
688,-1.56,-0.97,-1.6,17.63,-16.25,15.56,-0.08,9.83,-0.85,0.31,0.5,0.57,0.58,4589893
689,-1.56,-0.97,-1.6,17.63,-16.25,15.56,-1.11,7.99,0.84,0.31,0.5,0.57,0.58,4589933
690,-1.56,-0.97,-1.6,17.63,-16.25,15.56,-1.11,7.99,0.84,0.61,-0.15,-0.63,0.47,4589973
691,-1.56,-0.97,-1.6,17.63,-16.25,15.56,-2.76,10.25,-3.07,0.61,-0.15,-0.63,0.47,4590016
692,1.37,-0.72,-2.24,17.63,-16.25,15.56,-2.76,10.25,-3.07,0.61,-0.15,-0.63,0.47,4590060
693,1.37,-0.72,-2.24,17.63,-16.25,15.56,-3.41,13.89,0.61,0.61,-0.15,-0.63,0.47,4590103
694,1.37,-0.72,-2.24,17.63,-16.25,15.56,-9.65,16.73,-3.49,0.61,-0.15,-0.63,0.47,4590144
695,1.37,-0.72,-2.24,17.63,-16.25,15.56,-8.35,0.48,16.81,0.61,-0.15,-0.63,0.47,4590188
696,1.37,-0.72,-2.24,17.63,-16.25,15.56,-6.66,3.74,-3.34,0.61,-0.15,-0.63,0.47,4590229
697,0.49,2.08,0.04,17.63,-16.25,15.56,-6.66,3.74,-3.34,0.61,-0.15,-0.63,0.47,4590271
698,0.11,0.24,-0.35,17.63,-16.25,15.56,-6.66,3.74,-3.34,0.61,-0.15,-0.63,0.47,4590312
699,0.11,0.24,-0.35,17.63,-16.25,15.56,-7.32,5.08,1.68,0.61,-0.15,-0.63,0.47,4590354
700,0.11,0.24,-0.35,17.63,-16.25,15.56,-8.5,5.39,2.41,0.61,-0.15,-0.63,0.47,4590396
701,0.11,0.24,-0.35,17.63,-16.25,15.56,-8.2,5.27,0.84,0.61,-0.15,-0.63,0.47,4590437
702,0.11,0.24,-0.35,17.63,-16.25,15.56,-8.16,5.27,1.61,0.61,-0.15,-0.63,0.47,4590477
703,0.0,0.28,-0.04,17.63,-16.25,15.56,-8.16,5.27,1.61,0.61,-0.15,-0.63,0.47,4590519
704,0.02,0.22,-0.04,17.63,-16.25,15.56,-8.16,5.27,1.61,0.61,-0.15,-0.63,0.47,4590561
705,0.02,0.22,-0.04,17.63,-16.25,15.56,-8.16,5.16,1.11,0.61,-0.15,-0.63,0.47,4590603
706,0.02,0.22,-0.04,17.63,-16.25,15.56,-8.27,5.16,0.84,0.61,-0.15,-0.63,0.47,4590643
707,0.02,0.22,-0.04,17.63,-16.25,15.56,-8.24,5.23,0.99,0.61,-0.15,-0.63,0.47,4590684
708,0.02,0.22,-0.04,26.0,17.06,-4.06,-8.24,5.23,0.99,0.61,-0.15,-0.63,0.47,4590723
709,0.02,0.22,-0.04,26.0,17.06,-4.06,-8.2,5.08,0.92,0.61,-0.15,-0.63,0.47,4590765
710,-0.02,-0.18,-0.01,26.0,17.06,-4.06,-8.2,5.08,0.92,0.61,-0.15,-0.63,0.47,4590804
711,-0.02,-0.18,-0.01,26.0,17.06,-4.06,-8.31,5.2,1.11,0.61,-0.15,-0.63,0.47,4590846
712,-0.02,-0.18,-0.01,26.0,17.06,-4.06,-8.24,5.2,1.14,0.61,-0.15,-0.63,0.47,4590889
713,-0.02,-0.18,-0.01,26.0,17.06,-4.06,-8.12,5.12,1.38,0.61,-0.15,-0.63,0.47,4590929
714,-0.04,-0.08,0.01,26.0,17.06,-4.06,-8.12,5.12,1.38,0.61,-0.15,-0.63,0.47,4590971
715,-0.04,-0.08,0.01,26.0,17.06,-4.06,-8.24,5.2,1.3,0.61,-0.15,-0.63,0.47,4591012
716,-0.03,-0.07,0.02,26.0,17.06,-4.06,-8.24,5.2,1.3,0.61,-0.15,-0.63,0.47,4591053
717,-0.03,-0.07,0.02,26.0,17.06,-4.06,-8.2,5.2,1.34,0.61,-0.15,-0.63,0.47,4591093
718,-0.03,-0.07,0.02,26.0,17.06,-4.06,-8.16,5.2,1.45,0.61,-0.15,-0.63,0.47,4591134
719,-0.03,-0.07,0.02,25.44,15.88,-4.63,-8.16,5.2,1.45,0.61,-0.15,-0.63,0.47,4591173
720,-0.01,-0.1,0.0,25.44,15.88,-4.63,-8.16,5.2,1.45,0.61,-0.15,-0.63,0.47,4591214
721,-0.01,-0.1,0.0,25.44,15.88,-4.63,-8.12,5.16,1.57,0.61,-0.15,-0.63,0.47,4591257
722,-0.01,-0.08,0.0,25.44,15.88,-4.63,-8.12,5.16,1.57,0.61,-0.15,-0.63,0.47,4591298
723,-0.01,-0.08,0.0,25.44,15.88,-4.63,-8.12,5.16,1.68,0.61,-0.15,-0.63,0.47,4591340
724,-0.01,-0.08,0.0,25.44,15.88,-4.63,-8.12,5.16,1.68,0.61,-0.15,-0.63,0.47,4591380
725,-0.02,-0.07,0.0,25.44,15.88,-4.63,-8.12,5.16,1.68,0.61,-0.15,-0.63,0.47,4591421
726,-0.01,-0.08,-0.01,25.44,15.88,-4.63,-8.12,5.16,1.68,0.61,-0.15,-0.63,0.47,4591462
727,-0.01,-0.08,-0.01,25.44,15.88,-4.63,-8.12,5.12,1.76,0.61,-0.15,-0.63,0.47,4591503
728,-0.01,-0.08,-0.01,25.44,15.88,-4.63,-8.12,5.16,1.76,0.61,-0.15,-0.63,0.47,4591545
729,-0.01,-0.08,-0.01,25.44,15.88,-4.63,-8.08,5.12,1.88,0.61,-0.15,-0.63,0.47,4591587
730,-0.01,-0.08,-0.01,25.44,15.88,-4.63,-8.08,5.16,1.84,0.61,-0.15,-0.63,0.47,4591627
731,-0.01,-0.08,-0.01,25.44,15.88,-4.63,-8.08,5.16,1.84,0.61,-0.15,-0.63,0.47,4591670
732,-0.01,-0.06,0.01,25.44,15.88,-4.63,-8.08,5.16,1.84,0.61,-0.15,-0.63,0.47,4591712
733,-0.01,-0.06,0.01,25.44,15.88,-4.63,-8.08,5.16,1.91,0.61,-0.15,-0.63,0.47,4591752
734,-0.01,-0.06,0.01,25.44,15.88,-4.63,-8.08,5.16,1.95,0.61,-0.15,-0.63,0.47,4591794
735,-0.01,-0.06,0.01,25.44,15.88,-4.63,-8.08,5.16,1.95,0.61,-0.15,-0.63,0.47,4591834
736,-0.01,-0.06,0.01,25.0,16.75,-7.0,-8.08,5.16,1.95,0.61,-0.15,-0.63,0.47,4591874
737,-0.01,-0.06,0.01,25.0,16.75,-7.0,-8.08,5.16,1.99,0.61,-0.15,-0.63,0.47,4591916
738,0.0,-0.03,0.03,25.0,16.75,-7.0,-8.08,5.16,1.99,0.61,-0.15,-0.63,0.47,4591958
739,0.0,-0.03,0.03,25.0,16.75,-7.0,-8.04,5.2,2.03,0.61,-0.15,-0.63,0.47,4591998
740,0.0,-0.03,0.03,25.0,16.75,-7.0,-8.01,5.2,2.03,0.61,-0.15,-0.63,0.47,4592039
741,0.0,-0.03,0.03,25.0,16.75,-7.0,-8.04,5.23,2.03,0.61,-0.15,-0.63,0.47,4592078
742,-0.01,-0.08,0.08,25.0,16.75,-7.0,-8.04,5.23,2.03,0.61,-0.15,-0.63,0.47,4592119
743,-0.02,-0.12,0.1,25.0,16.75,-7.0,-8.04,5.23,2.03,0.61,-0.15,-0.63,0.47,4592160
744,-0.02,-0.12,0.1,25.0,16.75,-7.0,-7.97,5.27,2.11,0.61,-0.15,-0.63,0.47,4592202
745,-0.02,-0.12,0.1,25.0,16.75,-7.0,-7.89,5.39,2.22,0.61,-0.15,-0.63,0.47,4592243
746,-0.02,-0.12,0.1,25.0,16.75,-7.0,-7.85,5.35,2.18,0.61,-0.15,-0.63,0.47,4592283
747,-0.02,-0.12,0.1,25.19,16.31,-9.13,-7.85,5.35,2.18,0.61,-0.15,-0.63,0.47,4592323
748,-0.01,-0.25,0.28,25.19,16.31,-9.13,-7.85,5.35,2.18,0.61,-0.15,-0.63,0.47,4592364
749,0.02,-0.39,0.49,25.19,16.31,-9.13,-7.85,5.35,2.18,0.61,-0.15,-0.63,0.47,4592406
750,0.02,-0.39,0.49,25.19,16.31,-9.13,-7.43,5.89,2.64,0.61,-0.15,-0.63,0.47,4592448
751,0.02,-0.39,0.49,25.19,16.31,-9.13,-7.85,6.23,2.91,0.61,-0.15,-0.63,0.47,4592489
752,0.02,-0.39,0.49,25.19,16.31,-9.13,-8.66,5.5,3.71,0.61,-0.15,-0.63,0.47,4592528
753,0.78,-0.88,1.0,25.19,16.31,-9.13,-8.66,5.5,3.71,0.61,-0.15,-0.63,0.47,4592569
754,0.78,-0.88,1.0,25.19,16.31,-9.13,-9.27,6.23,4.55,0.61,-0.15,-0.63,0.47,4592611
755,2.15,-2.73,-0.46,25.19,16.31,-9.13,-9.27,6.23,4.55,0.61,-0.15,-0.63,0.47,4592651
756,2.15,-2.73,-0.46,25.19,16.31,-9.13,-6.25,5.16,-0.12,0.61,-0.15,-0.63,0.47,4592692
757,2.15,-2.73,-0.46,25.19,16.31,-9.13,-5.02,7.07,0.53,0.61,-0.15,-0.63,0.47,4592733
758,2.15,-2.73,-0.46,25.19,16.31,-9.13,-5.02,7.07,0.53,0.48,-0.42,-0.76,0.11,4592773
759,1.97,-2.35,-0.88,25.19,16.31,-9.13,-5.02,7.07,0.53,0.48,-0.42,-0.76,0.11,4592814
760,1.97,-2.35,-0.88,25.19,16.31,-9.13,-5.63,6.54,-0.88,0.48,-0.42,-0.76,0.11,4592856
761,-0.11,0.17,-0.83,25.19,16.31,-9.13,-5.63,6.54,-0.88,0.48,-0.42,-0.76,0.11,4592898
762,-0.11,0.17,-0.83,25.19,16.31,-9.13,-5.71,6.54,-0.62,0.48,-0.42,-0.76,0.11,4592940
763,-0.11,0.17,-0.83,25.19,16.31,-9.13,-8.24,7.19,2.95,0.48,-0.42,-0.76,0.11,4592979
764,-0.5,0.08,-0.54,25.19,16.31,-9.13,-8.24,7.19,2.95,0.48,-0.42,-0.76,0.11,4593021
765,-0.84,0.2,-0.48,25.19,16.31,-9.13,-8.24,7.19,2.95,0.48,-0.42,-0.76,0.11,4593061
766,-0.84,0.2,-0.48,25.19,16.31,-9.13,-7.55,6.11,1.3,0.48,-0.42,-0.76,0.11,4593102
767,-0.84,0.2,-0.48,25.19,16.31,-9.13,-7.89,5.85,1.41,0.48,-0.42,-0.76,0.11,4593143
768,-0.84,0.2,-0.48,25.19,16.31,-9.13,-8.08,5.35,1.41,0.48,-0.42,-0.76,0.11,4593184
769,-0.84,0.2,-0.48,25.19,16.31,-9.13,-8.04,5.96,1.03,0.48,-0.42,-0.76,0.11,4593224
770,-0.84,0.2,-0.48,25.19,16.31,-9.13,-7.97,5.62,1.22,0.48,-0.42,-0.76,0.11,4593267
771,-0.07,-0.06,-0.11,25.19,16.31,-9.13,-7.97,5.62,1.22,0.48,-0.42,-0.76,0.11,4593308
772,-0.07,-0.06,-0.11,25.19,16.31,-9.13,-8.01,5.5,1.3,0.48,-0.42,-0.76,0.11,4593349
773,-0.07,-0.06,-0.11,25.19,16.31,-9.13,-8.01,5.54,1.3,0.48,-0.42,-0.76,0.11,4593392
774,-0.07,-0.06,-0.11,25.19,16.31,-9.13,-8.01,5.54,1.34,0.48,-0.42,-0.76,0.11,4593432
775,-0.07,-0.06,-0.11,6.69,-2.56,-45.5,-8.01,5.54,1.34,0.48,-0.42,-0.76,0.11,4593473
776,-0.07,-0.06,-0.11,6.69,-2.56,-45.5,-8.01,5.5,1.38,0.48,-0.42,-0.76,0.11,4593515
777,0.01,-0.3,0.02,6.69,-2.56,-45.5,-8.01,5.5,1.38,0.48,-0.42,-0.76,0.11,4593557
778,0.01,-0.3,0.02,6.69,-2.56,-45.5,-7.89,5.43,1.84,0.48,-0.42,-0.76,0.11,4593598
779,0.01,-0.3,0.02,6.69,-2.56,-45.5,-8.01,5.46,1.8,0.48,-0.42,-0.76,0.11,4593640
780,0.01,-0.3,0.02,6.69,-2.56,-45.5,-7.66,5.5,2.37,0.48,-0.42,-0.76,0.11,4593679
781,-0.03,-0.49,0.28,6.69,-2.56,-45.5,-7.66,5.5,2.37,0.48,-0.42,-0.76,0.11,4593720
782,-0.03,-0.49,0.28,6.69,-2.56,-45.5,-7.78,5.77,2.26,0.48,-0.42,-0.76,0.11,4593761
783,-0.4,-1.39,0.47,6.69,-2.56,-45.5,-7.78,5.77,2.26,0.48,-0.42,-0.76,0.11,4593802
784,-0.4,-1.39,0.47,6.69,-2.56,-45.5,-7.89,5.85,3.6,0.48,-0.42,-0.76,0.11,4593843
785,-0.4,-1.39,0.47,6.69,-2.56,-45.5,-9.31,6.38,4.4,0.48,-0.42,-0.76,0.11,4593884
786,-0.4,-1.39,0.47,-2.19,-1.13,-43.25,-9.31,6.38,4.4,0.48,-0.42,-0.76,0.11,4593925
787,1.17,-2.75,1.18,-2.19,-1.13,-43.25,-9.31,6.38,4.4,0.48,-0.42,-0.76,0.11,4593967
788,1.17,-2.75,1.18,-2.19,-1.13,-43.25,-12.45,5.96,1.41,0.48,-0.42,-0.76,0.11,4594009
789,1.17,-2.75,1.18,-2.19,-1.13,-43.25,-3.45,3.24,0.8,0.48,-0.42,-0.76,0.11,4594051
790,1.17,-2.75,1.18,-2.19,-1.13,-43.25,-7.36,9.03,-1.61,0.48,-0.42,-0.76,0.11,4594092
791,1.17,-2.75,1.18,-2.19,-1.13,-43.25,-4.21,6.8,0.04,0.48,-0.42,-0.76,0.11,4594131
792,0.45,-3.14,-0.88,-2.19,-1.13,-43.25,-4.21,6.8,0.04,0.48,-0.42,-0.76,0.11,4594173
793,1.11,-2.76,-1.83,-2.19,-1.13,-43.25,-4.21,6.8,0.04,0.48,-0.42,-0.76,0.11,4594215
794,1.11,-2.76,-1.83,-2.19,-1.13,-43.25,-6.7,6.96,-0.5,0.48,-0.42,-0.76,0.11,4594257
795,1.11,-2.76,-1.83,-2.19,-1.13,-43.25,-5.13,7.0,-2.64,0.48,-0.42,-0.76,0.11,4594299
796,1.11,-2.76,-1.83,-2.19,-1.13,-43.25,-4.98,6.3,-0.31,0.48,-0.42,-0.76,0.11,4594341
797,1.11,-2.76,-1.83,-2.19,-1.13,-43.25,-5.4,6.34,-1.07,0.48,-0.42,-0.76,0.11,4594381
798,0.47,0.2,-2.56,-2.19,-1.13,-43.25,-5.4,6.34,-1.07,0.48,-0.42,-0.76,0.11,4594424
799,0.25,0.0,-2.77,-2.19,-1.13,-43.25,-5.4,6.34,-1.07,0.48,-0.42,-0.76,0.11,4594466
800,0.25,0.0,-2.77,-2.19,-1.13,-43.25,-7.13,9.83,1.53,0.48,-0.42,-0.76,0.11,4594509
801,0.25,0.0,-2.77,-2.19,-1.13,-43.25,-6.13,10.45,2.22,0.48,-0.42,-0.76,0.11,4594551
802,0.25,0.0,-2.77,-2.19,-1.13,-43.25,-4.1,13.62,2.56,0.48,-0.42,-0.76,0.11,4594593
803,0.25,0.0,-2.77,-2.19,-1.13,-43.25,-8.5,18.14,0.99,0.48,-0.42,-0.76,0.11,4594635
804,0.25,0.0,-2.77,-2.19,-1.13,-43.25,-3.68,0.87,4.94,0.48,-0.42,-0.76,0.11,4594676
805,-1.13,0.28,0.82,-2.19,-1.13,-43.25,-3.68,0.87,4.94,0.48,-0.42,-0.76,0.11,4594718
806,-1.13,0.28,0.82,-2.19,-1.13,-43.25,-10.92,5.27,1.53,0.48,-0.42,-0.76,0.11,4594759
807,-1.13,0.28,0.82,-2.19,-1.13,-43.25,-8.43,4.39,2.87,0.48,-0.42,-0.76,0.11,4594801
808,-1.13,0.28,0.82,-2.19,-1.13,-43.25,-8.77,4.01,1.8,0.48,-0.42,-0.76,0.11,4594842
809,-1.13,0.28,0.82,-2.19,-1.13,-43.25,-8.93,4.51,0.53,0.48,-0.42,-0.76,0.11,4594882
810,-1.13,0.28,0.82,-2.06,-19.69,-2.81,-8.93,4.51,0.53,0.48,-0.42,-0.76,0.11,4594922
811,-0.01,0.05,0.63,-2.06,-19.69,-2.81,-8.93,4.51,0.53,0.48,-0.42,-0.76,0.11,4594963
812,-0.01,0.05,0.63,-2.06,-19.69,-2.81,-8.62,4.89,0.19,0.48,-0.42,-0.76,0.11,4595004
813,-0.01,0.05,0.63,-2.06,-19.69,-2.81,-8.12,5.04,1.22,0.48,-0.42,-0.76,0.11,4595047
814,-0.01,0.05,0.63,-2.06,-19.69,-2.81,-8.39,5.2,0.34,0.48,-0.42,-0.76,0.11,4595089
815,-0.01,0.05,0.63,-2.06,-19.69,-2.81,-8.27,5.12,0.88,0.48,-0.42,-0.76,0.11,4595128
816,0.01,-0.11,0.28,-2.06,-19.69,-2.81,-8.27,5.12,0.88,0.48,-0.42,-0.76,0.11,4595171
817,0.13,0.01,0.31,-2.06,-19.69,-2.81,-8.27,5.12,0.88,0.48,-0.42,-0.76,0.11,4595211
818,0.13,0.01,0.31,-2.06,-19.69,-2.81,-7.82,5.46,1.38,0.48,-0.42,-0.76,0.11,4595251
819,0.13,0.01,0.31,-2.06,-19.69,-2.81,-8.04,5.85,0.3,0.48,-0.42,-0.76,0.11,4595291
820,0.13,0.01,0.31,-2.06,-19.69,-2.81,-3.87,4.85,0.92,0.48,-0.42,-0.76,0.11,4595330
821,-0.25,-0.68,0.47,-2.06,-19.69,-2.81,-3.87,4.85,0.92,0.48,-0.42,-0.76,0.11,4595371
822,0.14,-1.32,1.74,-2.06,-19.69,-2.81,-3.87,4.85,0.92,0.48,-0.42,-0.76,0.11,4595411
823,0.14,-1.32,1.74,-2.06,-19.69,-2.81,-12.11,10.41,4.48,0.48,-0.42,-0.76,0.11,4595453
824,0.14,-1.32,1.74,-2.06,-19.69,-2.81,-14.06,8.64,1.68,0.48,-0.42,-0.76,0.11,4595495
825,0.14,-1.32,1.74,-2.06,-19.69,-2.81,-15.52,9.14,-0.31,0.48,-0.42,-0.76,0.11,4595537
826,0.14,-1.32,1.74,-2.06,-19.69,-2.81,-5.02,0.14,0.27,0.48,-0.42,-0.76,0.11,4595578
827,-1.01,-1.37,0.37,-2.06,-19.69,-2.81,-5.02,0.14,0.27,0.48,-0.42,-0.76,0.11,4595619
828,1.19,-0.85,-0.44,-2.06,-19.69,-2.81,-5.02,0.14,0.27,0.48,-0.42,-0.76,0.11,4595660
829,1.19,-0.85,-0.44,-2.06,-19.69,-2.81,-3.14,3.66,1.8,0.48,-0.42,-0.76,0.11,4595702
830,-0.27,-0.06,-2.42,-2.06,-19.69,-2.81,-3.14,3.66,1.8,0.48,-0.42,-0.76,0.11,4595743
831,-0.27,-0.06,-2.42,-2.06,-19.69,-2.81,-5.82,3.13,0.69,0.48,-0.42,-0.76,0.11,4595786
832,-0.27,-0.06,-2.42,-2.06,-19.69,-2.81,-6.93,3.97,1.26,0.48,-0.42,-0.76,0.11,4595827
833,-0.33,0.45,-3.86,-2.06,-19.69,-2.81,-6.93,3.97,1.26,0.48,-0.42,-0.76,0.11,4595869
834,0.07,0.25,-4.26,-2.06,-19.69,-2.81,-6.93,3.97,1.26,0.48,-0.42,-0.76,0.11,4595910
835,0.07,0.25,-4.26,-2.06,-19.69,-2.81,-10.19,15.77,0.92,0.48,-0.42,-0.76,0.11,4595951
836,-1.18,0.83,-1.46,-2.06,-19.69,-2.81,-10.19,15.77,0.92,0.48,-0.42,-0.76,0.11,4595993
837,-1.18,0.83,-1.46,-2.06,-19.69,-2.81,-2.76,22.43,-0.58,0.48,-0.42,-0.76,0.11,4596037
838,-1.18,0.83,-1.46,-2.06,-19.69,-2.81,2.26,1.82,4.71,0.48,-0.42,-0.76,0.11,4596079
839,-0.3,0.7,-0.06,-2.06,-19.69,-2.81,2.26,1.82,4.71,0.48,-0.42,-0.76,0.11,4596120
840,-0.07,-0.2,0.35,-2.06,-19.69,-2.81,2.26,1.82,4.71,0.48,-0.42,-0.76,0.11,4596161
841,-0.07,-0.2,0.35,-2.06,-19.69,-2.81,-9.16,4.31,1.3,0.48,-0.42,-0.76,0.11,4596202
842,0.31,0.58,1.04,-2.06,-19.69,-2.81,-9.16,4.31,1.3,0.48,-0.42,-0.76,0.11,4596242
843,0.31,0.58,1.04,-2.06,-19.69,-2.81,-9.27,3.55,1.14,0.48,-0.42,-0.76,0.11,4596282
844,0.31,0.58,1.04,11.94,-24.5,6.19,-9.27,3.55,1.14,0.48,-0.42,-0.76,0.11,4596321
845,0.31,0.58,1.04,11.94,-24.5,6.19,-8.54,4.43,0.61,0.48,-0.42,-0.76,0.11,4596361
846,-0.08,0.35,0.5,11.94,-24.5,6.19,-8.54,4.43,0.61,0.48,-0.42,-0.76,0.11,4596401
847,-0.08,0.35,0.5,11.94,-24.5,6.19,-8.5,4.96,0.38,0.48,-0.42,-0.76,0.11,4596441
848,-0.08,0.35,0.5,11.94,-24.5,6.19,-8.43,4.85,0.72,0.48,-0.42,-0.76,0.11,4596480
849,-0.19,0.28,0.5,11.94,-24.5,6.19,-8.43,4.85,0.72,0.48,-0.42,-0.76,0.11,4596520
850,-0.1,0.2,0.55,11.94,-24.5,6.19,-8.43,4.85,0.72,0.48,-0.42,-0.76,0.11,4596560
851,-0.1,0.2,0.55,11.94,-24.5,6.19,-8.35,5.35,-0.08,0.48,-0.42,-0.76,0.11,4596601
852,-0.1,0.2,0.55,11.94,-24.5,6.19,-8.5,5.58,0.07,0.48,-0.42,-0.76,0.11,4596641
853,-0.1,0.2,0.55,11.94,-24.5,6.19,-8.43,5.66,0.34,0.48,-0.42,-0.76,0.11,4596681
854,-0.1,0.2,0.55,6.56,-27.81,6.69,-8.43,5.66,0.34,0.48,-0.42,-0.76,0.11,4596720
855,-1.54,-2.06,3.69,6.56,-27.81,6.69,-8.43,5.66,0.34,0.48,-0.42,-0.76,0.11,4596760
856,-1.54,-2.06,3.69,6.56,-27.81,6.69,-10.11,13.01,0.15,0.48,-0.42,-0.76,0.11,4596801
857,-1.54,-2.06,3.69,6.56,-27.81,6.69,-14.63,7.3,3.87,0.48,-0.42,-0.76,0.11,4596842
858,-1.54,-2.06,3.69,6.56,-27.81,6.69,-15.17,4.85,2.26,0.48,-0.42,-0.76,0.11,4596883
859,-1.54,-2.06,3.69,-16.63,-25.88,7.88,-15.17,4.85,2.26,0.48,-0.42,-0.76,0.11,4596924
860,1.13,-1.14,-0.62,-16.63,-25.88,7.88,-15.17,4.85,2.26,0.48,-0.42,-0.76,0.11,4596967
861,0.16,-1.59,-1.11,-16.63,-25.88,7.88,-15.17,4.85,2.26,0.48,-0.42,-0.76,0.11,4597009
862,0.16,-1.59,-1.11,-16.63,-25.88,7.88,-3.52,5.35,-0.2,0.48,-0.42,-0.76,0.11,4597051
863,0.16,-1.59,-1.11,-16.63,-25.88,7.88,-2.57,4.7,-2.26,0.48,-0.42,-0.76,0.11,4597092
864,0.16,-1.59,-1.11,-16.63,-25.88,7.88,-4.18,5.27,-2.04,0.48,-0.42,-0.76,0.11,4597134
865,0.16,-1.59,-1.11,-16.63,-25.88,7.88,-4.75,5.39,-2.45,0.48,-0.42,-0.76,0.11,4597175
866,-0.87,0.31,-3.4,-16.63,-25.88,7.88,-4.75,5.39,-2.45,0.48,-0.42,-0.76,0.11,4597218
867,-0.14,0.66,-3.27,-16.63,-25.88,7.88,-4.75,5.39,-2.45,0.48,-0.42,-0.76,0.11,4597260
868,-0.14,0.66,-3.27,-16.63,-25.88,7.88,-7.51,10.94,1.91,0.48,-0.42,-0.76,0.11,4597303
869,-0.14,0.66,-3.27,-16.63,-25.88,7.88,-6.25,16.19,4.09,0.48,-0.42,-0.76,0.11,4597346
870,-0.14,0.66,-3.27,-16.63,-25.88,7.88,-4.6,16.46,3.06,0.48,-0.42,-0.76,0.11,4597388
871,-0.14,0.66,-3.27,-16.63,-25.88,7.88,-8.96,15.5,1.22,0.48,-0.42,-0.76,0.11,4597429
872,0.41,-1.4,1.21,-16.63,-25.88,7.88,-8.96,15.5,1.22,0.48,-0.42,-0.76,0.11,4597471
873,-0.62,0.46,0.98,-16.63,-25.88,7.88,-8.96,15.5,1.22,0.48,-0.42,-0.76,0.11,4597513
874,-0.62,0.46,0.98,-16.63,-25.88,7.88,-9.27,3.89,-0.27,0.48,-0.42,-0.76,0.11,4597556
875,-0.62,0.46,0.98,-16.63,-25.88,7.88,-9.12,3.78,0.42,0.48,-0.42,-0.76,0.11,4597598
876,-0.62,0.46,0.98,-16.63,-25.88,7.88,-9.16,3.66,0.57,0.48,-0.42,-0.76,0.11,4597639
877,-0.62,0.46,0.98,-16.63,-25.88,7.88,-9.12,4.05,0.23,0.48,-0.42,-0.76,0.11,4597679
878,-0.22,0.28,0.28,-16.63,-25.88,7.88,-9.12,4.05,0.23,0.48,-0.42,-0.76,0.11,4597720
879,0.1,-0.15,0.38,-16.63,-25.88,7.88,-9.12,4.05,0.23,0.48,-0.42,-0.76,0.11,4597761
880,0.1,-0.15,0.38,-16.63,-25.88,7.88,-8.85,4.16,0.23,0.48,-0.42,-0.76,0.11,4597803
881,0.1,-0.15,0.38,-16.63,-25.88,7.88,-8.66,4.43,0.53,0.48,-0.42,-0.76,0.11,4597842
882,0.1,-0.15,0.38,-16.63,-25.88,7.88,-8.77,4.39,0.53,0.48,-0.42,-0.76,0.11,4597883
883,0.1,-0.15,0.38,-16.63,-25.88,7.88,-8.58,4.66,0.42,0.48,-0.42,-0.76,0.11,4597923
884,-0.27,-0.01,0.6,-16.63,-25.88,7.88,-8.58,4.66,0.42,0.48,-0.42,-0.76,0.11,4597965
885,-0.12,-0.52,0.7,-16.63,-25.88,7.88,-8.58,4.66,0.42,0.48,-0.42,-0.76,0.11,4598007
886,-0.12,-0.52,0.7,-16.63,-25.88,7.88,-8.54,5.27,1.03,0.48,-0.42,-0.76,0.11,4598049
887,-0.12,-0.52,0.7,-16.63,-25.88,7.88,-8.62,5.27,0.34,0.48,-0.42,-0.76,0.11,4598090
888,-0.12,-0.52,0.7,-16.63,-25.88,7.88,-11.49,6.46,0.92,0.48,-0.42,-0.76,0.11,4598130
889,-0.12,-1.28,2.37,-16.63,-25.88,7.88,-11.49,6.46,0.92,0.48,-0.42,-0.76,0.11,4598171
890,-0.12,-1.28,2.37,-16.63,-25.88,7.88,-6.93,8.14,1.72,0.48,-0.42,-0.76,0.11,4598215
891,0.27,1.7,1.82,-16.63,-25.88,7.88,-6.93,8.14,1.72,0.48,-0.42,-0.76,0.11,4598257
892,0.27,1.7,1.82,-16.63,-25.88,7.88,-4.21,5.23,0.61,0.48,-0.42,-0.76,0.11,4598299
893,0.27,1.7,1.82,-16.63,-25.88,7.88,-8.81,1.55,1.18,0.48,-0.42,-0.76,0.11,4598340
894,0.27,1.7,1.82,-16.63,-25.88,7.88,-5.79,1.82,0.53,0.48,-0.42,-0.76,0.11,4598379
895,-0.5,1.65,-2.05,-16.63,-25.88,7.88,-5.79,1.82,0.53,0.48,-0.42,-0.76,0.11,4598419
896,0.00,0.00,0.00,-1.06,-10.13,-9.44,-7.47,5.12,3.60,0.23,0.50,0.14,0.82,143931
897,0.00,0.00,0.00,-1.06,-10.13,-9.44,-7.51,5.16,3.60,0.23,0.50,0.14,0.82,143970
898,0.00,0.00,0.00,-1.06,-10.13,-9.44,-7.51,5.16,3.60,0.23,0.50,0.14,0.82,144009
899,0.00,0.00,0.00,-1.06,-10.13,-9.44,-7.51,5.12,3.60,0.23,0.50,0.14,0.82,144046
900,0.00,0.00,0.00,-0.50,-11.13,-11.63,-7.51,5.12,3.60,0.23,0.50,0.14,0.82,144084
901,0.00,0.00,0.00,-0.50,-11.13,-11.63,-7.51,5.12,3.60,0.23,0.50,0.14,0.82,144125
902,0.00,0.00,0.00,-0.50,-11.13,-11.63,-7.51,5.12,3.60,0.23,0.50,0.14,0.82,144165
903,0.00,0.00,0.00,-0.50,-11.13,-11.63,-7.51,5.12,3.60,0.23,0.50,0.14,0.82,144205
904,0.00,0.00,0.00,-0.50,-11.13,-11.63,-7.47,5.12,3.60,0.23,0.50,0.14,0.82,144243
905,0.00,0.00,0.00,-0.50,-11.13,-11.63,-7.47,5.12,3.60,0.23,0.50,0.14,0.82,144284
906,0.00,0.00,0.00,-0.50,-11.13,-11.63,-7.47,5.12,3.60,0.23,0.50,0.14,0.82,144324
907,0.00,0.00,0.00,-0.50,-11.13,-11.63,-7.51,5.16,3.60,0.23,0.50,0.14,0.82,144363
908,0.00,0.00,0.00,-0.50,-11.13,-11.63,-7.51,5.12,3.60,0.23,0.50,0.14,0.82,144403
909,0.00,0.00,0.00,-0.50,-11.13,-11.63,-7.47,5.12,3.60,0.23,0.50,0.14,0.82,144441
910,0.00,0.00,0.00,-0.50,-11.13,-11.63,-7.47,5.12,3.60,0.23,0.50,0.14,0.82,144480
911,0.00,0.00,0.00,-0.50,-11.13,-11.63,-7.47,5.12,3.60,0.23,0.50,0.14,0.82,144520
912,0.00,0.00,0.00,-0.50,-11.13,-11.63,-7.51,5.12,3.60,0.23,0.50,0.14,0.82,144559
913,0.00,0.00,0.00,-0.50,-11.13,-11.63,-7.51,5.12,3.60,0.23,0.50,0.14,0.82,144596
914,0.00,0.00,0.00,-0.50,-11.13,-11.63,-7.51,5.12,3.60,0.23,0.50,0.14,0.82,144636
915,0.00,0.00,0.00,-0.50,-11.13,-11.63,-7.51,5.12,3.60,0.23,0.50,0.14,0.82,144676
916,0.00,0.00,0.00,-0.50,-11.13,-11.63,-7.51,5.12,3.60,0.23,0.50,0.14,0.82,144716
917,0.00,0.00,0.00,-0.50,-11.13,-11.63,-7.47,5.12,3.60,0.23,0.50,0.14,0.82,144757
918,0.00,0.00,0.00,-0.50,-11.13,-11.63,-7.51,5.12,3.60,0.23,0.50,0.14,0.82,144795
919,0.00,0.00,0.00,-0.50,-11.13,-11.63,-7.51,5.12,3.60,0.23,0.50,0.14,0.82,144835
920,0.00,0.00,0.00,-0.50,-11.13,-11.63,-7.51,5.12,3.60,0.23,0.50,0.14,0.82,144876
921,0.00,0.00,0.00,-0.50,-11.13,-11.63,-7.51,5.12,3.60,0.23,0.50,0.14,0.82,144916
922,0.00,0.00,0.00,-0.50,-11.13,-11.63,-7.51,5.12,3.60,0.23,0.50,0.14,0.82,144955
923,0.00,0.00,0.00,-0.50,-11.13,-11.63,-7.51,5.12,3.60,0.23,0.50,0.14,0.82,144994
924,0.00,0.00,0.00,-0.50,-11.13,-11.63,-7.51,5.12,3.60,0.23,0.50,0.14,0.82,145034
925,0.00,0.00,0.00,-0.50,-11.13,-11.63,-7.51,5.12,3.60,0.23,0.50,0.14,0.82,145074
926,0.00,0.00,0.00,-0.50,-11.13,-11.63,-7.47,5.12,3.60,0.23,0.50,0.14,0.82,145114
927,0.00,0.00,0.00,-0.50,-11.13,-11.63,-7.51,5.12,3.60,0.23,0.50,0.14,0.82,145153
928,0.00,0.00,0.00,-0.50,-11.13,-11.63,-7.51,5.12,3.60,0.23,0.50,0.14,0.82,145190
929,0.00,0.00,0.00,-0.50,-11.13,-11.63,-7.51,5.12,3.60,0.23,0.50,0.14,0.82,145229
930,0.00,0.00,0.00,-0.50,-11.13,-11.63,-7.51,5.12,3.60,0.23,0.50,0.14,0.82,145269
931,0.00,0.00,0.00,-0.50,-11.13,-11.63,-7.51,5.12,3.60,0.23,0.50,0.14,0.82,145308
932,0.00,0.00,0.00,-0.50,-11.13,-11.63,-7.47,5.12,3.60,0.23,0.50,0.14,0.82,145346
933,0.00,0.00,0.00,-0.50,-11.13,-11.63,-7.47,5.12,3.60,0.23,0.50,0.14,0.82,145386
934,0.00,0.00,0.00,-0.50,-11.13,-11.63,-7.47,5.12,3.60,0.23,0.50,0.14,0.82,145426
935,0.00,0.00,0.00,-0.50,-11.13,-11.63,-7.51,5.12,3.64,0.23,0.50,0.14,0.82,145466
936,0.00,0.00,0.00,-0.50,-11.13,-11.63,-7.51,5.12,3.60,0.23,0.50,0.14,0.82,145507
937,0.00,0.00,0.00,-0.50,-11.13,-11.63,-7.47,5.12,3.60,0.23,0.50,0.14,0.82,145545
938,0.00,0.00,0.00,-0.50,-11.13,-11.63,-7.47,5.12,3.60,0.23,0.50,0.14,0.82,145585
939,0.00,0.00,0.00,-0.50,-11.13,-11.63,-7.51,5.12,3.60,0.23,0.50,0.14,0.82,145625
