,Xg,Yg,Zg,Xm,Ym,Zm,Xa,Ya,Za,Xq,Yq,Zq,Direc1ion,Sensor 1ime,1ime,Label
0,0,0.05,-0.04,53.56,-65.56,10.88,4.33,8.94,0.89,-0.41,-0.33,-0.54,0.66,1107201,0,0
1,0,0.05,-0.04,53.56,-65.56,10.88,4.36,8.9,0.89,-0.41,-0.33,-0.54,0.66,1107243,42,0
2,0,0.05,-0.04,53.56,-65.56,10.88,4.36,8.86,0.85,-0.41,-0.33,-0.54,0.66,1107286,85,0
3,0,0.05,-0.04,53.56,-65.56,10.88,4.44,8.94,0.89,-0.41,-0.33,-0.54,0.66,1107328,127,0
4,0,0.05,-0.04,53.56,-65.56,10.88,4.4,8.9,0.89,-0.41,-0.33,-0.54,0.66,1107367,166,0
5,0,0.05,-0.04,53.56,-65.56,10.88,4.4,8.9,0.89,0.59,0.32,0.6,0.43,1107409,208,0
6,0.01,0.11,0.02,53.56,-65.56,10.88,4.4,8.9,0.89,0.59,0.32,0.6,0.43,1107449,248,0
7,0.01,0.11,0.02,53.56,-65.56,10.88,4.44,8.94,0.81,0.59,0.32,0.6,0.43,1107487,286,0
8,0.01,0.11,0.02,53.56,-65.56,10.88,4.36,8.86,0.81,0.59,0.32,0.6,0.43,1107527,326,0
9,0.01,0.11,0.02,53.56,-65.56,10.88,4.33,8.94,0.89,0.59,0.32,0.6,0.43,1107565,364,0
10,0.01,0.11,0.02,53.56,-65.56,10.88,4.33,8.94,0.89,0.59,0.32,0.61,0.43,1107604,403,0
11,-0.01,0,0.06,53.56,-65.56,10.88,4.33,8.94,0.89,0.59,0.32,0.61,0.43,1107644,443,0
12,-0.01,0,0.06,53.56,-65.56,10.88,4.17,9.02,0.89,0.59,0.32,0.61,0.43,1107684,483,0
13,-0.01,0,0.06,53.56,-65.56,10.88,4.14,8.86,0.93,0.59,0.32,0.61,0.43,1107724,523,0
14,-0.01,0,0.06,53.56,-65.56,10.88,4.17,8.94,0.96,0.59,0.32,0.61,0.43,1107762,561,0
15,0,-0.04,-0.03,53.56,-65.56,10.88,4.17,8.94,0.96,0.59,0.32,0.61,0.43,1107802,601,0
16,0,-0.04,-0.03,53.56,-65.56,10.88,4.25,8.98,1.04,0.59,0.32,0.61,0.43,1107844,643,0
17,-0.03,-0.03,-0.04,53.56,-65.56,10.88,4.25,8.98,1.04,0.59,0.32,0.61,0.43,1107885,684,0
18,-0.03,-0.03,-0.04,53.56,-65.56,10.88,4.36,8.86,1.04,0.59,0.32,0.61,0.43,1107924,723,0
19,-0.03,-0.03,-0.04,53.56,-65.56,10.88,4.4,8.75,1,0.59,0.32,0.61,0.43,1107964,763,0
20,-0.04,-0.02,0,53.56,-65.56,10.88,4.4,8.75,1,0.59,0.32,0.61,0.43,1108004,803,0
21,-0.04,-0.05,-0.01,53.56,-65.56,10.88,4.4,8.75,1,0.59,0.32,0.61,0.43,1108044,843,0
22,-0.04,-0.05,-0.01,53.56,-65.56,10.88,4.44,8.83,0.93,0.59,0.32,0.61,0.43,1108085,884,0
23,-0.04,-0.05,-0.01,53.56,-65.56,10.88,4.44,8.79,0.89,0.59,0.32,0.61,0.43,1108126,925,0
24,-0.04,-0.05,-0.01,53.56,-65.56,10.88,4.4,8.83,0.89,0.59,0.32,0.61,0.43,1108166,965,0
25,-0.04,-0.05,-0.01,53.56,-65.56,10.88,4.4,8.83,0.89,0.59,0.31,0.6,0.44,1108206,1005,0
26,-0.04,-0.05,-0.01,53.56,-65.56,10.88,4.55,8.9,0.81,0.59,0.31,0.6,0.44,1108246,1045,0
27,0.03,0.02,-0.02,53.56,-65.56,10.88,4.55,8.9,0.81,0.59,0.31,0.6,0.44,1108287,1086,0
28,0.03,0.02,-0.02,53.56,-65.56,10.88,5.13,8.83,1.15,0.59,0.31,0.6,0.44,1108326,1125,0
29,0.03,0.02,-0.02,53.56,-65.56,10.88,5.63,8.98,1.15,0.59,0.31,0.6,0.44,1108364,1163,0
30,-0.12,-0.19,0.34,53.56,-65.56,10.88,5.63,8.98,1.15,0.59,0.31,0.6,0.44,1108405,1204,0
31,-0.17,-0.05,0.53,53.56,-65.56,10.88,5.63,8.98,1.15,0.59,0.31,0.6,0.44,1108445,1244,0
32,-0.17,-0.05,0.53,53.56,-65.56,10.88,5.21,8.48,1.12,0.59,0.31,0.6,0.44,1108486,1285,0
33,-0.17,-0.05,0.53,53.56,-65.56,10.88,4.98,8.18,1.08,0.59,0.31,0.6,0.44,1108526,1325,0
34,-0.17,-0.05,0.53,53.56,-65.56,10.88,4.67,8.21,1.04,0.59,0.31,0.6,0.44,1108564,1363,0
35,-0.19,0.13,0.27,53.56,-65.56,10.88,4.67,8.21,1.04,0.59,0.31,0.6,0.44,1108604,1403,0
36,-0.19,0.01,-0.12,53.56,-65.56,10.88,4.67,8.21,1.04,0.59,0.31,0.6,0.44,1108644,1443,0
37,-0.19,0.01,-0.12,53.56,-65.56,10.88,3.64,8.48,0.77,0.59,0.31,0.6,0.44,1108684,1483,0
38,-0.19,0.01,-0.12,53.56,-65.56,10.88,3.48,8.56,0.73,0.59,0.31,0.6,0.44,1108724,1523,0
39,-0.19,0.01,-0.12,53.56,-65.56,10.88,3.29,8.86,0.81,0.59,0.31,0.6,0.44,1108763,1562,0
40,0,-0.14,-0.78,53.56,-65.56,10.88,3.29,8.86,0.81,0.59,0.31,0.6,0.44,1108803,1602,0
41,0,-0.14,-0.78,53.56,-65.56,10.88,3.45,10.32,0.85,0.59,0.31,0.6,0.44,1108845,1644,0
42,0,-0.79,-0.93,53.56,-65.56,10.88,3.45,10.32,0.85,0.59,0.31,0.6,0.44,1108885,1684,0
43,0,-0.79,-0.93,53.56,-65.56,10.88,4.14,9.17,0.93,0.59,0.31,0.6,0.44,1108926,1725,0
44,0,-0.79,-0.93,53.56,-65.56,10.88,4.25,8.98,0.85,0.59,0.31,0.6,0.44,1108966,1765,0
45,0,-0.79,-0.93,53.13,-62.5,10.88,4.25,8.98,0.85,0.59,0.31,0.6,0.44,1109006,1805,0
46,0.25,-0.45,-1.17,53.13,-62.5,10.88,4.25,8.98,0.85,0.59,0.31,0.6,0.44,1109046,1845,0
47,0.25,-0.45,-1.17,53.13,-62.5,10.88,4.75,9.09,1.19,0.59,0.31,0.6,0.44,1109086,1885,0
48,0.25,-0.45,-1.17,53.13,-62.5,10.88,4.82,8.75,1.42,0.59,0.31,0.6,0.44,1109126,1925,0
49,0.25,-0.45,-1.17,53.13,-62.5,10.88,4.9,8.64,1.57,0.59,0.31,0.6,0.44,1109166,1965,0
50,0.25,-0.45,-1.17,53.69,-61.81,9.25,4.9,8.64,1.57,0.59,0.31,0.6,0.44,1109204,2003,0
51,0.25,-0.45,-1.17,53.69,-61.81,9.25,5.25,8.75,1.57,0.59,0.31,0.6,0.44,1109243,2042,0
52,0.25,-0.45,-1.17,53.69,-61.81,9.25,5.21,9.02,1.77,0.59,0.31,0.6,0.44,1109284,2083,0
53,0.25,-0.45,-1.17,53.69,-61.81,9.25,5.29,9.25,1.69,0.59,0.31,0.6,0.44,1109323,2122,0
54,0.25,-0.45,-1.17,53.69,-61.81,9.25,5.21,10.17,1.77,0.59,0.31,0.6,0.44,1109361,2160,0
55,-0.13,-0.18,0.54,53.69,-61.81,9.25,5.21,10.17,1.77,0.59,0.31,0.6,0.44,1109403,2202,0
56,-0.4,-0.31,1.08,53.69,-61.81,9.25,5.21,10.17,1.77,0.59,0.31,0.6,0.44,1109443,2242,0
57,-0.4,-0.31,1.08,53.69,-61.81,9.25,4.9,8.94,0.85,0.59,0.31,0.6,0.44,1109484,2283,0
58,-0.4,-0.31,1.08,53.69,-61.81,9.25,4.94,9.44,0.89,0.59,0.31,0.6,0.44,1109524,2323,0
59,-0.4,-0.31,1.08,53.69,-61.81,9.25,5.9,10.86,0.31,0.59,0.31,0.6,0.44,1109562,2361,0
60,-0.38,1.29,2.16,53.69,-61.81,9.25,5.9,10.86,0.31,0.59,0.31,0.6,0.44,1109603,2402,0
61,-0.48,0.87,2.74,53.69,-61.81,9.25,5.9,10.86,0.31,0.59,0.31,0.6,0.44,1109642,2441,0
62,-0.48,0.87,2.74,53.69,-61.81,9.25,5.94,11.24,0.58,0.59,0.31,0.6,0.44,1109683,2482,0
63,-0.48,0.87,2.74,53.69,-61.81,9.25,7.01,9.98,0.46,0.59,0.31,0.6,0.44,1109723,2522,0
64,-0.48,0.87,2.74,53.69,-61.81,9.25,6.55,8.83,0.7,0.59,0.31,0.6,0.44,1109761,2560,0
65,-0.53,0.34,3.03,53.69,-61.81,9.25,6.55,8.83,0.7,0.59,0.31,0.6,0.44,1109800,2599,0
66,-0.53,0.34,3.03,53.69,-61.81,9.25,6.09,6.22,0.73,0.59,0.31,0.6,0.44,1109840,2639,0
67,-0.26,1.25,1.41,53.69,-61.81,9.25,6.09,6.22,0.73,0.59,0.31,0.6,0.44,1109880,2679,0
68,-0.26,1.25,1.41,53.69,-61.81,9.25,3.29,3.89,1.27,0.59,0.31,0.6,0.44,1109919,2718,0
69,-0.26,1.25,1.41,53.69,-61.81,9.25,3.29,3.58,1.31,0.59,0.31,0.6,0.44,1109957,2756,0
70,-0.26,1.25,1.41,53.69,-61.81,9.25,3.71,3.66,1.23,0.59,0.31,0.6,0.44,1109997,2796,0
71,0.27,-0.18,-1.38,53.69,-61.81,9.25,3.71,3.66,1.23,0.59,0.31,0.6,0.44,1110036,2835,0
72,0.27,-0.18,-1.38,53.69,-61.81,9.25,3.98,6.14,1.42,0.59,0.31,0.6,0.44,1110075,2874,0
73,0.27,-0.18,-1.38,53.69,-61.81,9.25,4.48,8.06,1.15,0.59,0.31,0.6,0.44,1110113,2912,0
74,0.79,-0.39,-3.07,53.69,-61.81,9.25,4.48,8.06,1.15,0.59,0.31,0.6,0.44,1110154,2953,0
75,0.98,-0.47,-3.65,53.69,-61.81,9.25,4.48,8.06,1.15,0.59,0.31,0.6,0.44,1110194,2993,0
76,0.98,-0.47,-3.65,53.69,-61.81,9.25,5.36,13,1.69,0.59,0.31,0.6,0.44,1110234,3033,0
77,0.98,-0.47,-3.65,53.69,-61.81,9.25,4.82,12.93,1.31,0.59,0.31,0.6,0.44,1110273,3072,0
78,0.98,-0.47,-3.65,53.69,-61.81,9.25,4.94,13.46,0.93,0.59,0.31,0.6,0.44,1110312,3111,0
79,0.7,-0.66,-3.05,53.69,-61.81,9.25,4.94,13.46,0.93,0.59,0.31,0.6,0.44,1110352,3151,0
80,0.53,-1.03,-2.47,53.69,-61.81,9.25,4.94,13.46,0.93,0.59,0.31,0.6,0.44,1110392,3191,0
81,0.53,-1.03,-2.47,53.69,-61.81,9.25,5.59,11.59,0.73,0.59,0.31,0.6,0.44,1110433,3232,0
82,0.56,-0.06,-1.58,53.69,-61.81,9.25,5.59,11.59,0.73,0.59,0.31,0.6,0.44,1110473,3272,0
83,0.56,-0.06,-1.58,53.69,-61.81,9.25,4.71,8.86,1.23,0.59,0.31,0.6,0.44,1110512,3311,0
84,0.41,-0.44,-1.18,53.69,-61.81,9.25,4.71,8.86,1.23,0.59,0.31,0.6,0.44,1110552,3351,0
85,0.41,-0.44,-1.18,53.69,-61.81,9.25,4.82,7.68,1.57,0.59,0.31,0.6,0.44,1110593,3392,0
86,0.15,-0.28,0,53.69,-61.81,9.25,4.82,7.68,1.57,0.59,0.31,0.6,0.44,1110633,3432,0
87,0.15,-0.28,0,53.69,-61.81,9.25,4.71,7.48,2.19,0.59,0.31,0.6,0.44,1110672,3471,0
88,0.15,-0.28,0,53.69,-61.81,9.25,4.59,8.56,2.46,0.59,0.31,0.6,0.44,1110710,3509,0
89,-0.25,-0.18,0.89,53.69,-61.81,9.25,4.59,8.56,2.46,0.59,0.31,0.6,0.44,1110751,3550,0
90,-0.34,0.07,1.2,53.69,-61.81,9.25,4.59,8.56,2.46,0.59,0.31,0.6,0.44,1110790,3589,0
91,-0.34,0.07,1.2,53.69,-61.81,9.25,5.13,10.89,1,0.59,0.31,0.6,0.44,1110829,3628,0
92,-0.34,0.07,1.2,53.69,-61.81,9.25,5.9,11.85,1,0.59,0.31,0.6,0.44,1110868,3667,0
93,-0.34,0.07,1.2,53.69,-61.81,9.25,5.63,13.88,0.62,0.59,0.31,0.6,0.44,1110907,3706,0
94,-0.52,0.54,2.7,53.69,-61.81,9.25,5.63,13.88,0.62,0.59,0.31,0.6,0.44,1110946,3745,0
95,-0.49,0.2,3.52,53.69,-61.81,9.25,5.63,13.88,0.62,0.59,0.31,0.6,0.44,1110985,3784,0
96,-0.49,0.2,3.52,53.69,-61.81,9.25,7.13,16.53,0.08,0.59,0.31,0.6,0.44,1111024,3823,0
97,-0.49,0.2,3.52,53.69,-61.81,9.25,5.97,16.03,-0.04,0.59,0.31,0.6,0.44,1111063,3862,0
98,-0.57,0.41,4.44,53.69,-61.81,9.25,5.97,16.03,-0.04,0.59,0.31,0.6,0.44,1111103,3902,0
99,-0.43,0.81,4.09,53.69,-61.81,9.25,5.97,16.03,-0.04,0.59,0.31,0.6,0.44,1111143,3942,0
100,-0.43,0.81,4.09,53.69,-61.81,9.25,4.48,9.02,0.23,0.59,0.31,0.6,0.44,1111183,3982,0
101,-0.43,0.81,4.09,53.69,-61.81,9.25,3.29,7.64,0.23,0.59,0.31,0.6,0.44,1111223,4022,0
102,-0.43,0.81,4.09,53.69,-61.81,9.25,2.79,5.19,0.27,0.59,0.31,0.6,0.44,1111261,4060,0
103,-0.23,0.61,1.19,53.69,-61.81,9.25,2.79,5.19,0.27,0.59,0.31,0.6,0.44,1111300,4099,0
104,-0.23,0.61,1.19,53.69,-61.81,9.25,1.84,3.81,0.35,0.59,0.31,0.6,0.44,1111341,4140,0
105,0.22,-0.2,-1.11,53.69,-61.81,9.25,1.84,3.81,0.35,0.59,0.31,0.6,0.44,1111379,4178,0
106,0.22,-0.2,-1.11,53.69,-61.81,9.25,3.02,4.92,0.93,0.59,0.31,0.6,0.44,1111419,4218,0
107,0.22,-0.2,-1.11,53.69,-61.81,9.25,3.29,5.91,1.31,0.59,0.31,0.6,0.44,1111457,4256,0
108,0.46,-0.74,-3.05,53.69,-61.81,9.25,3.29,5.91,1.31,0.59,0.31,0.6,0.44,1111498,4297,0
109,0.76,-0.93,-3.9,53.69,-61.81,9.25,3.29,5.91,1.31,0.59,0.31,0.6,0.44,1111538,4337,0
110,0.76,-0.93,-3.9,53.69,-61.81,9.25,5.9,15.38,0.62,0.59,0.31,0.6,0.44,1111577,4376,0
111,0.76,-0.93,-3.9,53.69,-61.81,9.25,5.86,15.49,0.93,0.59,0.31,0.6,0.44,1111617,4416,0
112,0.76,-0.93,-3.9,53.69,-61.81,9.25,5.63,14.88,1.34,0.59,0.31,0.6,0.44,1111656,4455,0
113,0.63,-1.13,-3.91,53.69,-61.81,9.25,5.63,14.88,1.34,0.59,0.31,0.6,0.44,1111695,4494,0
114,0.4,-1.02,-3.14,53.69,-61.81,9.25,5.63,14.88,1.34,0.59,0.31,0.6,0.44,1111735,4534,0
115,0.4,-1.02,-3.14,53.69,-61.81,9.25,5.94,13.84,0.58,0.59,0.31,0.6,0.44,1111775,4574,0
116,0.4,-1.02,-3.14,53.69,-61.81,9.25,6.2,12.43,0.58,0.59,0.31,0.6,0.44,1111815,4614,0
117,0.4,-1.02,-3.14,69.69,-92.56,-1.44,6.2,12.43,0.58,0.59,0.31,0.6,0.44,1111854,4653,0
118,0.36,-0.38,-1.66,69.69,-92.56,-1.44,6.2,12.43,0.58,0.59,0.31,0.6,0.44,1111895,4694,0
119,0.36,-0.38,-1.66,69.69,-92.56,-1.44,5.52,8.29,1.73,0.59,0.31,0.6,0.44,1111934,4733,0
120,0.36,-0.38,-1.66,69.69,-92.56,-1.44,4.14,7.87,1.5,0.59,0.31,0.6,0.44,1111974,4773,0
121,0.36,-0.38,-1.66,69.69,-92.56,-1.44,3.87,7.22,2.3,0.59,0.31,0.6,0.44,1112013,4812,0
122,0.36,-0.38,-1.66,75.56,-91.75,-1.13,3.87,7.22,2.3,0.59,0.31,0.6,0.44,1112052,4851,0
123,0.36,-0.38,-1.66,75.56,-91.75,-1.13,4.55,7.98,1.5,0.59,0.31,0.6,0.44,1112093,4892,0
124,-0.29,-0.05,1.25,75.56,-91.75,-1.13,4.55,7.98,1.5,0.59,0.31,0.6,0.44,1112133,4932,0
125,-0.29,-0.05,1.25,75.56,-91.75,-1.13,5.4,9.94,1.15,0.59,0.31,0.6,0.44,1112173,4972,0
126,-0.29,-0.05,1.25,75.56,-91.75,-1.13,5.25,11.66,0.93,0.59,0.31,0.6,0.44,1112211,5010,0
127,-0.36,0.12,2.26,75.56,-91.75,-1.13,5.25,11.66,0.93,0.59,0.31,0.6,0.44,1112253,5052,0
128,-0.59,0.25,3.16,75.56,-91.75,-1.13,5.25,11.66,0.93,0.59,0.31,0.6,0.44,1112293,5092,0
129,-0.59,0.25,3.16,75.56,-91.75,-1.13,6.82,17.64,-0.34,0.59,0.31,0.6,0.44,1112333,5132,0
130,-0.59,0.25,3.16,75.56,-91.75,-1.13,6.39,18.79,-0.45,0.59,0.31,0.6,0.44,1112374,5173,0
131,-0.59,0.25,3.16,75.56,-91.75,-1.13,5.97,17.1,-0.3,0.59,0.31,0.6,0.44,1112413,5212,0
132,-0.45,0.41,4.97,75.56,-91.75,-1.13,5.97,17.1,-0.3,0.59,0.31,0.6,0.44,1112454,5253,0
133,-0.42,1.3,4.49,75.56,-91.75,-1.13,5.97,17.1,-0.3,0.59,0.31,0.6,0.44,1112494,5293,0
134,-0.42,1.3,4.49,75.56,-91.75,-1.13,4.14,11.36,-0.19,0.59,0.31,0.6,0.44,1112535,5334,0
135,-0.42,1.3,4.49,75.56,-91.75,-1.13,3.33,7.22,0.04,0.59,0.31,0.6,0.44,1112574,5373,0
136,-0.42,1.3,4.49,75.56,-91.75,-1.13,2.18,5.72,0,0.59,0.31,0.6,0.44,1112613,5412,0
137,-0.42,1.3,4.49,10.13,-61.5,-13.19,2.18,5.72,0,0.59,0.31,0.6,0.44,1112652,5451,0
138,-0.42,1.3,4.49,10.13,-61.5,-13.19,1.03,3.89,0.08,0.59,0.31,0.6,0.44,1112692,5491,0
139,0.19,0.06,-0.96,10.13,-61.5,-13.19,1.03,3.89,0.08,0.59,0.31,0.6,0.44,1112732,5531,0
140,0.19,0.06,-0.96,10.13,-61.5,-13.19,1.38,4.5,1,0.59,0.31,0.6,0.44,1112772,5571,0
141,0.19,0.06,-0.96,10.13,-61.5,-13.19,2.11,6.07,0.77,0.59,0.31,0.6,0.44,1112811,5610,0
142,0.71,-0.61,-3.09,10.13,-61.5,-13.19,2.11,6.07,0.77,0.59,0.31,0.6,0.44,1112852,5651,0
143,1.04,-0.99,-4.13,10.13,-61.5,-13.19,2.11,6.07,0.77,0.59,0.31,0.6,0.44,1112892,5691,0
144,1.04,-0.99,-4.13,10.13,-61.5,-13.19,4.98,14.38,1.77,0.59,0.31,0.6,0.44,1112933,5732,0
145,1.04,-0.99,-4.13,10.13,-61.5,-13.19,4.98,15.57,1.73,0.59,0.31,0.6,0.44,1112974,5773,0
146,1.04,-0.99,-4.13,10.13,-61.5,-13.19,5.94,17.6,0.85,0.59,0.31,0.6,0.44,1113015,5814,0
147,1.04,-0.99,-4.13,35.31,-103.56,-1.81,5.94,17.6,0.85,0.59,0.31,0.6,0.44,1113054,5853,0
148,1.04,-0.99,-4.13,35.31,-103.56,-1.81,6.78,15.8,0.89,0.59,0.31,0.6,0.44,1113096,5895,0
149,1.46,0.85,-2.78,35.31,-103.56,-1.81,6.78,15.8,0.89,0.59,0.31,0.6,0.44,1113138,5937,0
150,1.46,0.85,-2.78,35.31,-103.56,-1.81,5.71,11.93,1.46,0.59,0.31,0.6,0.44,1113178,5977,0
151,1.46,0.85,-2.78,35.31,-103.56,-1.81,5.67,10.66,1.92,0.59,0.31,0.6,0.44,1113219,6018,0
152,1.46,0.85,-2.78,35.31,-103.56,-1.81,5.78,9.36,2.23,0.59,0.31,0.6,0.44,1113259,6058,0
153,0.35,-0.85,-1.09,35.31,-103.56,-1.81,5.78,9.36,2.23,0.59,0.31,0.6,0.44,1113298,6097,0
154,0.35,-0.85,-1.09,35.31,-103.56,-1.81,6.36,7.64,3.11,0.59,0.31,0.6,0.44,1113339,6138,0
155,0.35,-0.85,-1.09,35.31,-103.56,-1.81,6.28,7.56,2.8,0.59,0.31,0.6,0.44,1113381,6180,0
156,0.35,-0.85,-1.09,35.31,-103.56,-1.81,4.82,9.09,2.65,0.59,0.31,0.6,0.44,1113421,6220,0
157,0.35,-0.85,-1.09,35.31,-103.56,-1.81,4.71,9.82,1.96,0.59,0.31,0.6,0.44,1113460,6259,0
158,-0.9,-0.43,2.55,35.31,-103.56,-1.81,4.71,9.82,1.96,0.59,0.31,0.6,0.44,1113502,6301,0
159,-0.77,0.29,2.79,35.31,-103.56,-1.81,4.71,9.82,1.96,0.59,0.31,0.6,0.44,1113543,6342,1
160,-0.77,0.29,2.79,35.31,-103.56,-1.81,6.01,17.45,0.85,0.59,0.31,0.6,0.44,1113583,6382,1
161,-0.77,0.29,2.79,35.31,-103.56,-1.81,5.13,18.29,-0.76,0.59,0.31,0.6,0.44,1113623,6422,1
162,-0.77,0.29,2.79,35.31,-103.56,-1.81,4.82,18.14,-1.07,0.59,0.31,0.6,0.44,1113663,6462,1
163,-1.24,0.6,3.91,35.31,-103.56,-1.81,4.82,18.14,-1.07,0.59,0.31,0.6,0.44,1113704,6503,1
164,-1.1,0.6,4.29,35.31,-103.56,-1.81,4.82,18.14,-1.07,0.59,0.31,0.6,0.44,1113745,6544,1
165,-1.1,0.6,4.29,35.31,-103.56,-1.81,4.29,14,0.12,0.59,0.31,0.6,0.44,1113787,6586,1
166,-1.1,0.6,4.29,35.31,-103.56,-1.81,4.79,11.78,-0.34,0.59,0.31,0.6,0.44,1113827,6626,1
167,-1.1,0.6,4.29,35.31,-103.56,-1.81,3.68,10.59,0,0.59,0.31,0.6,0.44,1113869,6668,1
168,-1.1,0.6,4.29,35.31,-103.56,-1.81,3.33,8.6,-0.04,0.59,0.31,0.6,0.44,1113908,6707,1
169,-0.3,0.5,1.9,35.31,-103.56,-1.81,3.33,8.6,-0.04,0.59,0.31,0.6,0.44,1113949,6748,1
170,-0.06,0.34,1.12,35.31,-103.56,-1.81,3.33,8.6,-0.04,0.59,0.31,0.6,0.44,1113990,6789,1
171,-0.06,0.34,1.12,35.31,-103.56,-1.81,3.41,3.85,0.85,0.59,0.31,0.6,0.44,1114031,6830,1
172,-0.06,0.34,1.12,35.31,-103.56,-1.81,3.91,3,1.61,0.59,0.31,0.6,0.44,1114072,6871,1
173,-0.06,0.34,1.12,35.31,-103.56,-1.81,4.17,3.08,1.77,0.59,0.31,0.6,0.44,1114110,6909,1
174,0.85,0.25,-0.83,35.31,-103.56,-1.81,4.17,3.08,1.77,0.59,0.31,0.6,0.44,1114150,6949,1
175,0.85,0.25,-0.83,35.31,-103.56,-1.81,5.36,3.7,2.8,0.59,0.31,0.6,0.44,1114192,6991,1
176,1.33,-0.24,-1.91,35.31,-103.56,-1.81,5.36,3.7,2.8,0.59,0.31,0.6,0.44,1114231,7030,1
177,1.33,-0.24,-1.91,35.31,-103.56,-1.81,7.09,5.46,3.53,0.59,0.31,0.6,0.44,1114272,7071,1
178,1.33,-0.24,-1.91,35.31,-103.56,-1.81,7.35,5.49,2.84,0.59,0.31,0.6,0.44,1114311,7110,1
179,1.81,0.4,-1.76,35.31,-103.56,-1.81,7.35,5.49,2.84,0.59,0.31,0.6,0.44,1114353,7152,1
180,2.01,0.69,-1.49,35.31,-103.56,-1.81,7.35,5.49,2.84,0.59,0.31,0.6,0.44,1114393,7192,1
181,2.01,0.69,-1.49,35.31,-103.56,-1.81,8.43,7.75,3.84,0.59,0.31,0.6,0.44,1114433,7232,1
182,2.01,0.69,-1.49,35.31,-103.56,-1.81,8.2,7.95,3.57,0.59,0.31,0.6,0.44,1114473,7272,1
183,2.01,0.69,-1.49,35.31,-103.56,-1.81,8.08,7.98,4.71,0.59,0.31,0.6,0.44,1114513,7312,1
184,2.01,0.69,-1.49,25.44,-88.13,-8.69,8.08,7.98,4.71,0.59,0.31,0.6,0.44,1114552,7351,1
185,2.01,0.69,-1.49,25.44,-88.13,-8.69,6.66,9.36,3.53,0.59,0.31,0.6,0.44,1114591,7390,1
186,2.01,0.69,-1.49,25.44,-88.13,-8.69,5.86,8.75,2.42,0.59,0.31,0.6,0.44,1114632,7431,1
187,2.01,0.69,-1.49,25.44,-88.13,-8.69,3.98,8.41,0.77,0.59,0.31,0.6,0.44,1114671,7470,1
188,2.01,0.69,-1.49,25.44,-88.13,-8.69,4.06,9.4,-0.04,0.59,0.31,0.6,0.44,1114710,7509,1
189,1.66,1.73,0.49,25.44,-88.13,-8.69,4.06,9.4,-0.04,0.59,0.31,0.6,0.44,1114750,7549,1
190,1.38,1.92,0.73,25.44,-88.13,-8.69,4.06,9.4,-0.04,0.59,0.31,0.6,0.44,1114790,7589,1
191,0.96,2.18,0.71,25.44,-88.13,-8.69,4.06,9.4,-0.04,0.59,0.31,0.6,0.44,1114830,7629,1
192,0.96,2.18,0.71,25.44,-88.13,-8.69,4.25,8.56,1.04,0.59,0.31,0.6,0.44,1114870,7669,1
193,0.96,2.18,0.71,25.44,-88.13,-8.69,4.21,7.33,1.42,0.59,0.31,0.6,0.44,1114908,7707,1
194,0.45,0.64,0.73,25.44,-88.13,-8.69,4.21,7.33,1.42,0.59,0.31,0.6,0.44,1114948,7747,1
195,0.35,0.87,0.34,25.44,-88.13,-8.69,4.21,7.33,1.42,0.59,0.31,0.6,0.44,1114987,7786,1
196,0.35,0.87,0.34,25.44,-88.13,-8.69,7.58,7.48,0.5,0.59,0.31,0.6,0.44,1115027,7826,1
197,0.35,0.87,0.34,25.44,-88.13,-8.69,5.44,5.57,0.77,0.59,0.31,0.6,0.44,1115067,7866,1
198,0.35,0.87,0.34,25.44,-88.13,-8.69,6.13,5.61,1.38,0.59,0.31,0.6,0.44,1115105,7904,1
199,0,0.5,0.36,25.44,-88.13,-8.69,6.13,5.61,1.38,0.59,0.31,0.6,0.44,1115144,7943,1
200,0,0.5,0.36,25.44,-88.13,-8.69,5.71,5.88,1.15,0.59,0.31,0.6,0.44,1115183,7982,1
201,0,0.5,0.36,25.44,-88.13,-8.69,5.67,6.07,1.08,0.59,0.31,0.6,0.44,1115222,8021,1
202,0,0.5,0.36,25.44,-88.13,-8.69,4.82,5.84,0.73,0.59,0.31,0.6,0.44,1115259,8058,1
203,-0.02,-0.06,-0.17,25.44,-88.13,-8.69,4.82,5.84,0.73,0.59,0.31,0.6,0.44,1115299,8098,1
204,0.14,0.33,-0.39,25.44,-88.13,-8.69,4.82,5.84,0.73,0.59,0.31,0.6,0.44,1115340,8139,1
205,0.14,0.33,-0.39,25.44,-88.13,-8.69,5.94,7.37,0.73,0.59,0.31,0.6,0.44,1115380,8179,1
206,0.14,0.33,-0.39,25.44,-88.13,-8.69,6.32,8.21,1.15,0.59,0.31,0.6,0.44,1115420,8219,1
207,0.14,0.33,-0.39,25.44,-88.13,-8.69,6.2,8.83,1.54,0.59,0.31,0.6,0.44,1115458,8257,1
208,0.3,0.14,-0.1,25.44,-88.13,-8.69,6.2,8.83,1.54,0.59,0.31,0.6,0.44,1115498,8297,1
209,0.3,0.14,-0.1,25.44,-88.13,-8.69,5.48,8.64,1.88,0.59,0.31,0.6,0.44,1115539,8338,1
210,0.01,-0.07,-0.01,25.44,-88.13,-8.69,5.48,8.64,1.88,0.59,0.31,0.6,0.44,1115579,8378,1
211,0.01,-0.07,-0.01,25.44,-88.13,-8.69,7.05,8.98,1.84,0.59,0.31,0.6,0.44,1115620,8419,1
212,0.01,-0.07,-0.01,25.44,-88.13,-8.69,7.2,8.33,1.73,0.59,0.31,0.6,0.44,1115659,8458,1
213,0.11,0.25,0.21,25.44,-88.13,-8.69,7.2,8.33,1.73,0.59,0.31,0.6,0.44,1115699,8498,1
214,-0.02,0.28,0.17,25.44,-88.13,-8.69,7.2,8.33,1.73,0.59,0.31,0.6,0.44,1115739,8538,1
215,-0.02,0.28,0.17,25.44,-88.13,-8.69,6.66,7.68,1.77,0.59,0.31,0.6,0.44,1115779,8578,1
216,-0.02,0.28,0.17,25.44,-88.13,-8.69,6.82,7.83,1.69,0.59,0.31,0.6,0.44,1115820,8619,1
217,-0.02,0.28,0.17,25.44,-88.13,-8.69,7.09,8.29,1.69,0.59,0.31,0.6,0.44,1115857,8656,1
218,0.21,-0.03,0.16,25.44,-88.13,-8.69,7.09,8.29,1.69,0.59,0.31,0.6,0.44,1115897,8696,1
219,0.21,-0.03,0.16,25.44,-88.13,-8.69,6.82,8.33,1.61,0.59,0.31,0.6,0.44,1115937,8736,1
220,0.21,-0.03,0.16,25.44,-88.13,-8.69,6.47,8.37,1.84,0.59,0.31,0.6,0.44,1115978,8777,1
221,0.21,-0.03,0.16,25.44,-88.13,-8.69,6.43,8.25,2.04,0.59,0.31,0.6,0.44,1116018,8817,1
222,0.21,-0.03,0.16,25.44,-88.13,-8.69,6.28,8.02,1.73,0.59,0.31,0.6,0.44,1116056,8855,1
223,-0.07,-0.12,-0.12,25.44,-88.13,-8.69,6.28,8.02,1.73,0.59,0.31,0.6,0.44,1116097,8896,1
224,0,-0.03,-0.11,25.44,-88.13,-8.69,6.28,8.02,1.73,0.59,0.31,0.6,0.44,1116138,8937,1
225,0,-0.03,-0.11,25.44,-88.13,-8.69,6.39,8.02,1.96,0.59,0.31,0.6,0.44,1116179,8978,1
226,0,-0.03,-0.11,25.44,-88.13,-8.69,6.28,7.87,2.04,0.59,0.31,0.6,0.44,1116221,9020,1
227,0,-0.03,-0.11,25.44,-88.13,-8.69,5.86,7.33,1.54,0.59,0.31,0.6,0.44,1116260,9059,1
228,-0.02,-0.07,-0.08,25.44,-88.13,-8.69,5.86,7.33,1.54,0.59,0.31,0.6,0.44,1116301,9100,1
229,0,0.16,0.02,25.44,-88.13,-8.69,5.86,7.33,1.54,0.59,0.31,0.6,0.44,1116342,9141,1
230,0,0.16,0.02,25.44,-88.13,-8.69,5.78,7.48,1.46,0.59,0.31,0.6,0.44,1116381,9180,1
231,0,0.16,0.02,25.44,-88.13,-8.69,5.86,7.52,1.54,0.59,0.31,0.6,0.44,1116421,9220,0
232,0,0.16,0.02,25.44,-88.13,-8.69,6.2,7.56,1.65,0.59,0.31,0.6,0.44,1116459,9258,0
233,-0.06,0.12,0.12,25.44,-88.13,-8.69,6.2,7.56,1.65,0.59,0.31,0.6,0.44,1116498,9297,0
234,-0.06,0.12,0.12,25.44,-88.13,-8.69,6.47,7.45,2.04,0.59,0.31,0.6,0.44,1116539,9338,0
235,-0.01,-0.03,0.22,25.44,-88.13,-8.69,6.47,7.45,2.04,0.59,0.31,0.6,0.44,1116579,9378,0
236,-0.01,-0.03,0.22,25.44,-88.13,-8.69,6.7,7.98,2.61,0.59,0.31,0.6,0.44,1116619,9418,0
237,-0.01,-0.03,0.22,25.44,-88.13,-8.69,6.89,8.1,2.57,0.59,0.31,0.6,0.44,1116658,9457,0
238,-0.01,0.38,0.32,25.44,-88.13,-8.69,6.89,8.1,2.57,0.59,0.31,0.6,0.44,1116698,9497,0
239,-0.25,0.26,0.5,25.44,-88.13,-8.69,6.89,8.1,2.57,0.59,0.31,0.6,0.44,1116738,9537,0
240,-0.25,0.26,0.5,25.44,-88.13,-8.69,7.7,7.75,2.27,0.59,0.31,0.6,0.44,1116777,9576,0
241,-0.25,0.26,0.5,25.44,-88.13,-8.69,8.12,7.83,2.5,0.59,0.31,0.6,0.44,1116817,9616,0
242,-0.25,0.26,0.5,25.44,-88.13,-8.69,8.39,7.91,2.5,0.59,0.31,0.6,0.44,1116856,9655,0
243,-0.21,0.3,0.52,25.44,-88.13,-8.69,8.39,7.91,2.5,0.59,0.31,0.6,0.44,1116896,9695,0
244,-0.21,0.3,0.52,25.44,-88.13,-8.69,8.96,7.52,2.65,0.59,0.31,0.6,0.44,1116936,9735,0
245,-0.21,0.3,0.52,25.44,-88.13,-8.69,9.19,7.48,2.8,0.59,0.31,0.6,0.44,1116977,9776,0
246,-0.21,0.3,0.52,25.44,-88.13,-8.69,9.19,6.91,2.92,0.59,0.31,0.6,0.44,1117017,9816,0
247,-0.21,0.3,0.52,25.44,-88.13,-8.69,9.57,6.53,2.84,0.59,0.31,0.6,0.44,1117054,9853,0
248,-0.26,0.37,0.75,25.44,-88.13,-8.69,9.57,6.53,2.84,0.59,0.31,0.6,0.44,1117093,9892,0
249,-0.26,0.37,0.75,25.44,-88.13,-8.69,9.31,5.91,2.95,0.59,0.31,0.6,0.44,1117133,9932,0
250,-0.26,0.37,0.75,25.44,-88.13,-8.69,8.92,5,3.11,0.59,0.31,0.6,0.44,1117172,9971,0
251,-0.26,0.37,0.75,25.44,-88.13,-8.69,8.7,4.54,2.99,0.59,0.31,0.6,0.44,1117211,10010,0
252,-0.26,0.37,0.75,24.56,-85.06,-11.81,8.7,4.54,2.99,0.59,0.31,0.6,0.44,1117250,10049,0
253,-0.26,0.37,0.75,24.56,-85.06,-11.81,7.81,3.89,3.45,0.59,0.31,0.6,0.44,1117290,10089,0
254,-0.58,0.26,1.35,24.56,-85.06,-11.81,7.81,3.89,3.45,0.59,0.31,0.6,0.44,1117330,10129,0
255,-0.58,0.26,1.35,24.56,-85.06,-11.81,6.2,2.12,3.11,0.59,0.31,0.6,0.44,1117370,10169,0
256,-0.58,0.26,1.35,24.56,-85.06,-11.81,5.86,1.36,2.99,0.59,0.31,0.6,0.44,1117409,10208,0
257,-0.38,0.03,1.23,24.56,-85.06,-11.81,5.86,1.36,2.99,0.59,0.31,0.6,0.44,1117449,10248,0
258,-0.19,-0.18,1.09,24.56,-85.06,-11.81,5.86,1.36,2.99,0.59,0.31,0.6,0.44,1117490,10289,0
259,-0.19,-0.18,1.09,24.56,-85.06,-11.81,6.32,-0.18,3.88,0.59,0.31,0.6,0.44,1117530,10329,0
260,-0.19,-0.18,1.09,24.56,-85.06,-11.81,6.43,-0.48,4.03,0.59,0.31,0.6,0.44,1117572,10371,0
261,-0.19,-0.18,1.09,24.56,-85.06,-11.81,7.01,-0.94,3.76,0.59,0.31,0.6,0.44,1117612,10411,0
262,-0.19,-0.18,1.09,18.56,-70.31,-11.5,7.01,-0.94,3.76,0.59,0.31,0.6,0.44,1117651,10450,0
263,-0.19,-0.18,1.09,18.56,-70.31,-11.5,7.96,-0.86,3.88,0.59,0.31,0.6,0.44,1117693,10492,0
264,0.99,-0.01,0.36,18.56,-70.31,-11.5,7.96,-0.86,3.88,0.59,0.31,0.6,0.44,1117733,10532,0
265,0.99,-0.01,0.36,18.56,-70.31,-11.5,9.11,-0.52,4.03,0.59,0.31,0.6,0.44,1117773,10572,0
266,0.99,-0.01,0.36,18.56,-70.31,-11.5,9.04,-0.94,3.64,0.59,0.31,0.6,0.44,1117814,10613,0
267,0.99,-0.01,0.36,18.56,-70.31,-11.5,8.96,-1.13,3.49,0.59,0.31,0.6,0.44,1117854,10653,0
268,1.18,-0.06,0.49,18.56,-70.31,-11.5,8.96,-1.13,3.49,0.59,0.31,0.6,0.44,1117895,10694,0
269,1.18,-0.06,0.49,18.56,-70.31,-11.5,9.8,-0.52,3.26,0.59,0.31,0.6,0.44,1117936,10735,0
270,1.18,-0.06,0.49,18.56,-70.31,-11.5,9.69,-0.56,3.11,0.59,0.31,0.6,0.44,1117978,10777,0
271,1.18,-0.06,0.49,18.56,-70.31,-11.5,9.69,-0.56,2.88,0.59,0.31,0.6,0.44,1118019,10818,0
272,1.18,-0.06,0.49,18.56,-70.31,-11.5,9.54,-0.48,2.88,0.59,0.31,0.6,0.44,1118058,10857,0
273,1.64,-0.07,0.77,18.56,-70.31,-11.5,9.54,-0.48,2.88,0.59,0.31,0.6,0.44,1118100,10899,0
274,1.66,0.07,0.86,18.56,-70.31,-11.5,9.54,-0.48,2.88,0.59,0.31,0.6,0.44,1118141,10940,0
275,1.66,0.07,0.86,18.56,-70.31,-11.5,9.92,-0.06,3.14,0.59,0.31,0.6,0.44,1118181,10980,0
276,1.66,0.07,0.86,18.56,-70.31,-11.5,9.88,0.09,3.3,0.59,0.31,0.6,0.44,1118221,11020,0
277,1.66,0.07,0.86,18.56,-70.31,-11.5,9.61,0.17,3.49,0.59,0.31,0.6,0.44,1118259,11058,0
278,1.2,0.11,0.89,18.56,-70.31,-11.5,9.61,0.17,3.49,0.59,0.31,0.6,0.44,1118299,11098,0
279,0.98,0.13,0.81,18.56,-70.31,-11.5,9.61,0.17,3.49,0.59,0.31,0.6,0.44,1118340,11139,0
280,0.98,0.13,0.81,18.56,-70.31,-11.5,9.08,-0.83,5.14,0.59,0.31,0.6,0.44,1118379,11178,0
281,0.98,0.13,0.81,18.56,-70.31,-11.5,8.62,0.25,5.06,0.59,0.31,0.6,0.44,1118419,11218,0
282,0.98,0.13,0.81,18.56,-70.31,-11.5,8.16,-0.41,5.1,0.59,0.31,0.6,0.44,1118457,11256,0
283,0.27,0.32,0.57,18.56,-70.31,-11.5,8.16,-0.41,5.1,0.59,0.31,0.6,0.44,1118497,11296,0
284,0.27,0.32,0.57,18.56,-70.31,-11.5,8,0.09,5.18,0.59,0.31,0.6,0.44,1118538,11337,0
285,0.35,-0.04,-0.11,18.56,-70.31,-11.5,8,0.09,5.18,0.59,0.31,0.6,0.44,1118578,11377,0
286,0.35,-0.04,-0.11,18.56,-70.31,-11.5,8.04,-0.37,5.1,0.59,0.31,0.6,0.44,1118619,11418,0
287,0.35,-0.04,-0.11,18.56,-70.31,-11.5,7.05,-0.98,4.6,0.59,0.31,0.6,0.44,1118658,11457,0
288,0.48,-0.07,-0.55,18.56,-70.31,-11.5,7.05,-0.98,4.6,0.59,0.31,0.6,0.44,1118700,11499,0
289,0.58,-0.12,-1.08,18.56,-70.31,-11.5,7.05,-0.98,4.6,0.59,0.31,0.6,0.44,1118741,11540,0
290,0.58,-0.12,-1.08,18.56,-70.31,-11.5,5.59,1.01,3.84,0.59,0.31,0.6,0.44,1118781,11580,0
291,0.58,-0.12,-1.08,18.56,-70.31,-11.5,6.16,2.09,3.95,0.59,0.31,0.6,0.44,1118822,11621,0
292,0.58,-0.12,-1.08,18.56,-70.31,-11.5,6.63,3.5,4.26,0.59,0.31,0.6,0.44,1118862,11661,0
293,0.58,-0.12,-1.08,13.19,-79.94,6.56,6.63,3.5,4.26,0.59,0.31,0.6,0.44,1118901,11700,0
294,0.58,-0.12,-1.08,13.19,-79.94,6.56,6.7,6.8,3.57,0.59,0.31,0.6,0.44,1118941,11740,0
295,0.58,-0.12,-1.08,13.19,-79.94,6.56,6.05,7.33,2.88,0.59,0.31,0.6,0.44,1118980,11779,0
296,0.58,-0.12,-1.08,13.19,-79.94,6.56,6.2,9.94,2.38,0.59,0.31,0.6,0.44,1119020,11819,0
297,0.58,-0.12,-1.08,13.19,-79.94,6.56,6.28,11.59,1.84,0.59,0.31,0.6,0.44,1119057,11856,0
298,0.82,-0.8,-3.08,13.19,-79.94,6.56,6.28,11.59,1.84,0.59,0.31,0.6,0.44,1119098,11897,0
299,0.76,-0.66,-3.12,13.19,-79.94,6.56,6.28,11.59,1.84,0.59,0.31,0.6,0.44,1119138,11937,0
300,0.64,-0.66,-2.96,13.19,-79.94,6.56,6.28,11.59,1.84,0.59,0.31,0.6,0.44,1119178,11977,0
301,0.64,-0.66,-2.96,13.19,-79.94,6.56,5.71,13,-0.07,0.59,0.31,0.6,0.44,1119218,12017,0
302,0.64,-0.66,-2.96,13.19,-79.94,6.56,5.25,10.97,0.12,0.59,0.31,0.6,0.44,1119258,12057,0
303,0.63,0.03,-1.84,13.19,-79.94,6.56,5.25,10.97,0.12,0.59,0.31,0.6,0.44,1119299,12098,0
304,0.72,0.49,-1.54,13.19,-79.94,6.56,5.25,10.97,0.12,0.59,0.31,0.6,0.44,1119339,12138,0
305,0.72,0.49,-1.54,13.19,-79.94,6.56,4.25,9.25,0.08,0.59,0.31,0.6,0.44,1119379,12178,0
306,0.72,0.49,-1.54,13.19,-79.94,6.56,4.67,8.67,-0.26,0.59,0.31,0.6,0.44,1119419,12218,0
307,0.72,0.49,-1.54,13.19,-79.94,6.56,4.71,8.45,0.16,0.59,0.31,0.6,0.44,1119457,12256,0
308,-0.02,-0.39,-0.07,13.19,-79.94,6.56,4.71,8.45,0.16,0.59,0.31,0.6,0.44,1119496,12295,0
309,-0.02,-0.39,-0.07,13.19,-79.94,6.56,4.67,8.33,0.54,0.59,0.31,0.6,0.44,1119538,12337,0
310,-0.17,0.4,0.93,13.19,-79.94,6.56,4.67,8.33,0.54,0.59,0.31,0.6,0.44,1119578,12377,0
311,-0.17,0.4,0.93,13.19,-79.94,6.56,4.75,9.17,0.7,0.59,0.31,0.6,0.44,1119618,12417,0
312,-0.17,0.4,0.93,13.19,-79.94,6.56,5.09,9.59,0.66,0.59,0.31,0.6,0.44,1119655,12454,0
313,-0.54,0.55,1.33,13.19,-79.94,6.56,5.09,9.59,0.66,0.59,0.31,0.6,0.44,1119695,12494,0
314,-0.7,0.57,1.58,13.19,-79.94,6.56,5.09,9.59,0.66,0.59,0.31,0.6,0.44,1119735,12534,0
315,-0.7,0.57,1.58,13.19,-79.94,6.56,5.36,12.54,0.31,0.59,0.31,0.6,0.44,1119774,12573,0
316,-0.7,0.57,1.58,13.19,-79.94,6.56,5.4,13.2,0.58,0.59,0.31,0.6,0.44,1119814,12613,0
317,-0.7,0.57,1.58,13.19,-79.94,6.56,6.09,13.5,1.12,0.59,0.31,0.6,0.44,1119852,12651,0
318,-1.01,0.18,2.72,13.19,-79.94,6.56,6.09,13.5,1.12,0.59,0.31,0.6,0.44,1119891,12690,0
319,-0.99,0.21,3.05,13.19,-79.94,6.56,6.09,13.5,1.12,0.59,0.31,0.6,0.44,1119930,12729,0
320,-0.99,0.21,3.05,13.19,-79.94,6.56,6.43,12.43,1.8,0.59,0.31,0.6,0.44,1119970,12769,0
321,-0.99,0.21,3.05,13.19,-79.94,6.56,6.2,12.23,1.88,0.59,0.31,0.6,0.44,1120009,12808,0
322,-0.8,0.19,3.04,13.19,-79.94,6.56,6.2,12.23,1.88,0.59,0.31,0.6,0.44,1120049,12848,0
323,-0.7,0.94,2.72,13.19,-79.94,6.56,6.2,12.23,1.88,0.59,0.31,0.6,0.44,1120089,12888,0
324,-0.7,0.94,2.72,13.19,-79.94,6.56,4.14,6.38,2.07,0.59,0.31,0.6,0.44,1120129,12928,0
325,-0.7,0.94,2.72,13.19,-79.94,6.56,3.48,5.53,2.04,0.59,0.31,0.6,0.44,1120168,12967,0
326,-0.7,0.94,2.72,13.19,-79.94,6.56,2.64,3.85,2,0.59,0.31,0.6,0.44,1120206,13005,0
327,-0.14,0.32,0.44,13.19,-79.94,6.56,2.64,3.85,2,0.59,0.31,0.6,0.44,1120245,13044,0
328,-0.14,0.32,0.44,13.19,-79.94,6.56,2.41,3.66,2.11,0.59,0.31,0.6,0.44,1120286,13085,0
329,0.38,-0.42,-1.04,13.19,-79.94,6.56,2.41,3.66,2.11,0.59,0.31,0.6,0.44,1120325,13124,0
330,0.38,-0.42,-1.04,13.19,-79.94,6.56,2.83,5.07,1.8,0.59,0.31,0.6,0.44,1120365,13164,0
331,0.38,-0.42,-1.04,13.19,-79.94,6.56,3.02,5.91,1.8,0.59,0.31,0.6,0.44,1120404,13203,0
332,0.91,-0.68,-2.29,13.19,-79.94,6.56,3.02,5.91,1.8,0.59,0.31,0.6,0.44,1120444,13243,0
333,1.18,-1.03,-2.87,13.19,-79.94,6.56,3.02,5.91,1.8,0.59,0.31,0.6,0.44,1120484,13283,0
334,1.18,-1.03,-2.87,13.19,-79.94,6.56,6.86,15.07,1.46,0.59,0.31,0.6,0.44,1120524,13323,0
335,1.18,-1.03,-2.87,13.19,-79.94,6.56,6.86,15.03,1.65,0.59,0.31,0.6,0.44,1120564,13363,0
336,1.18,-1.03,-2.87,13.19,-79.94,6.56,6.86,14.96,1.15,0.59,0.31,0.6,0.44,1120603,13402,0
337,0.67,-1.7,-3.48,13.19,-79.94,6.56,6.86,14.96,1.15,0.59,0.31,0.6,0.44,1120644,13443,0
338,0.58,-1.16,-2.8,13.19,-79.94,6.56,6.86,14.96,1.15,0.59,0.31,0.6,0.44,1120684,13483,0
339,0.58,-1.16,-2.8,13.19,-79.94,6.56,7.01,11.55,0.27,0.59,0.31,0.6,0.44,1120724,13523,0
340,0.58,-1.16,-2.8,13.19,-79.94,6.56,6.05,9.94,0,0.59,0.31,0.6,0.44,1120765,13564,0
341,0.58,-1.16,-2.8,13.19,-79.94,6.56,5.86,9.02,0.12,0.59,0.31,0.6,0.44,1120803,13602,0
342,0.1,-0.43,-1.09,13.19,-79.94,6.56,5.86,9.02,0.12,0.59,0.31,0.6,0.44,1120843,13642,0
343,0.1,-0.43,-1.09,13.19,-79.94,6.56,5.44,8.14,-0.23,0.59,0.31,0.6,0.44,1120883,13682,0
344,-0.09,-0.46,-0.03,13.19,-79.94,6.56,5.44,8.14,-0.23,0.59,0.31,0.6,0.44,1120923,13722,0
345,-0.09,-0.46,-0.03,13.19,-79.94,6.56,5.09,7.26,0.35,0.59,0.31,0.6,0.44,1120964,13763,0
346,-0.09,-0.46,-0.03,13.19,-79.94,6.56,5.09,7.83,0.46,0.59,0.31,0.6,0.44,1121003,13802,0
347,-0.09,-0.46,-0.03,13.19,-79.94,6.56,5.02,8.64,0.54,0.59,0.31,0.6,0.44,1121045,13844,0
348,-0.33,0.41,0.95,13.19,-79.94,6.56,5.02,8.64,0.54,0.59,0.31,0.6,0.44,1121085,13884,0
349,-0.33,0.41,0.95,13.19,-79.94,6.56,5.44,10.47,0.7,0.59,0.31,0.6,0.44,1121125,13924,0
350,-0.33,0.41,0.95,13.19,-79.94,6.56,5.82,11.74,0.54,0.59,0.31,0.6,0.44,1121166,13965,0
351,-0.33,0.41,0.95,13.19,-79.94,6.56,7.05,15.41,0.96,0.59,0.31,0.6,0.44,1121204,14003,0
352,-0.93,-0.11,2.82,13.19,-79.94,6.56,7.05,15.41,0.96,0.59,0.31,0.6,0.44,1121244,14043,0
353,-0.93,-0.11,2.82,13.19,-79.94,6.56,6.86,13.46,1.65,0.59,0.31,0.6,0.44,1121285,14084,0
354,-0.93,-0.11,2.82,13.19,-79.94,6.56,7.09,13.04,2,0.59,0.31,0.6,0.44,1121326,14125,0
355,-0.93,-0.11,2.82,13.19,-79.94,6.56,5.67,13.27,1.84,0.59,0.31,0.6,0.44,1121367,14166,0
356,-0.93,-0.11,2.82,13.19,-79.94,6.56,5.4,11.43,2,0.59,0.31,0.6,0.44,1121405,14204,0
357,-0.6,1.07,3.58,13.19,-79.94,6.56,5.4,11.43,2,0.59,0.31,0.6,0.44,1121446,14245,0
358,-0.63,1.74,2.85,13.19,-79.94,6.56,5.4,11.43,2,0.59,0.31,0.6,0.44,1121486,14285,0
359,-0.63,1.74,2.85,13.19,-79.94,6.56,3.52,5.76,1.69,0.59,0.31,0.6,0.44,1121526,14325,0
360,-0.63,1.74,2.85,13.19,-79.94,6.56,3.18,4.69,1.57,0.59,0.31,0.6,0.44,1121566,14365,0
361,-0.63,1.74,2.85,13.19,-79.94,6.56,3.1,3.62,1.8,0.59,0.31,0.6,0.44,1121604,14403,0
362,0,0.36,0.4,13.19,-79.94,6.56,3.1,3.62,1.8,0.59,0.31,0.6,0.44,1121644,14443,0
363,0.31,0.03,-0.36,13.19,-79.94,6.56,3.1,3.62,1.8,0.59,0.31,0.6,0.44,1121683,14482,0
364,0.31,0.03,-0.36,13.19,-79.94,6.56,2.79,2.93,2.38,0.59,0.31,0.6,0.44,1121722,14521,0
365,0.31,0.03,-0.36,13.19,-79.94,6.56,3.21,3.43,2.65,0.59,0.31,0.6,0.44,1121762,14561,0
366,0.31,0.03,-0.36,13.19,-79.94,6.56,4.02,5.68,2.76,0.59,0.31,0.6,0.44,1121799,14598,0
367,0.78,-0.82,-2.24,13.19,-79.94,6.56,4.02,5.68,2.76,0.59,0.31,0.6,0.44,1121838,14637,0
368,0.78,-0.82,-2.24,13.19,-79.94,6.56,5.44,10.13,2.3,0.59,0.31,0.6,0.44,1121876,14675,0
369,0.78,-0.82,-2.24,13.19,-79.94,6.56,6.32,13.31,1.69,0.59,0.31,0.6,0.44,1121917,14716,0
370,0.78,-0.82,-2.24,13.19,-79.94,6.56,6.2,13.2,1.15,0.59,0.31,0.6,0.44,1121956,14755,0
371,1.18,-0.6,-3.73,13.19,-79.94,6.56,6.2,13.2,1.15,0.59,0.31,0.6,0.44,1121996,14795,0
372,1.18,-0.6,-3.73,13.19,-79.94,6.56,7.16,15.03,0.81,0.59,0.31,0.6,0.44,1122037,14836,0
373,1.18,-0.6,-3.73,13.19,-79.94,6.56,6.66,14.23,0.7,0.59,0.31,0.6,0.44,1122077,14876,0
374,1.18,-0.6,-3.73,13.19,-79.94,6.56,8.16,12.08,0.81,0.59,0.31,0.6,0.44,1122118,14917,0
375,1.18,-0.6,-3.73,13.19,-79.94,6.56,7.05,10.89,0.7,0.59,0.31,0.6,0.44,1122156,14955,0
376,0.67,-0.58,-2.18,13.19,-79.94,6.56,7.05,10.89,0.7,0.59,0.31,0.6,0.44,1122197,14996,0
377,0.21,-0.95,-1.5,13.19,-79.94,6.56,7.05,10.89,0.7,0.59,0.31,0.6,0.44,1122237,15036,0
378,0.21,-0.95,-1.5,13.19,-79.94,6.56,6.05,8.06,1.34,0.59,0.31,0.6,0.44,1122278,15077,0
379,0.21,-0.95,-1.5,13.19,-79.94,6.56,5.86,7.52,0.73,0.59,0.31,0.6,0.44,1122318,15117,0
380,0.21,-0.95,-1.5,13.19,-79.94,6.56,5.86,7.71,0.35,0.59,0.31,0.6,0.44,1122356,15155,0
381,-0.38,-0.07,0.73,13.19,-79.94,6.56,5.86,7.71,0.35,0.59,0.31,0.6,0.44,1122396,15195,0
382,-0.32,0.24,1.13,13.19,-79.94,6.56,5.86,7.71,0.35,0.59,0.31,0.6,0.44,1122435,15234,0
383,-0.32,0.24,1.13,13.19,-79.94,6.56,5.44,9.25,0.35,0.59,0.31,0.6,0.44,1122476,15275,0
384,-0.32,0.24,1.13,13.19,-79.94,6.56,5.97,11.09,0.5,0.59,0.31,0.6,0.44,1122515,15314,0
385,-0.32,0.24,1.13,13.19,-79.94,6.56,6.32,13.54,0.7,0.59,0.31,0.6,0.44,1122553,15352,0
386,-0.46,0.6,2.32,13.19,-79.94,6.56,6.32,13.54,0.7,0.59,0.31,0.6,0.44,1122593,15392,0
387,-0.46,0.6,2.32,13.19,-79.94,6.56,5.74,14.61,1.27,0.59,0.31,0.6,0.44,1122634,15433,0
388,-0.64,0.74,3.85,13.19,-79.94,6.56,5.74,14.61,1.27,0.59,0.31,0.6,0.44,1122673,15472,0
389,-0.64,0.74,3.85,13.19,-79.94,6.56,5.52,15,1.54,0.59,0.31,0.6,0.44,1122713,15512,0
390,-0.64,0.74,3.85,13.19,-79.94,6.56,4.86,13.65,1.96,0.59,0.31,0.6,0.44,1122751,15550,0
391,-0.64,0.74,3.85,13.19,-79.94,6.56,4.79,11.2,2.15,0.59,0.31,0.6,0.44,1122792,15591,0
392,-0.64,1.33,3.39,13.19,-79.94,6.56,4.79,11.2,2.15,0.59,0.31,0.6,0.44,1122831,15630,0
393,-0.64,1.33,3.39,13.19,-79.94,6.56,3.06,7.14,1.34,0.59,0.31,0.6,0.44,1122870,15669,0
394,-0.64,1.33,3.39,13.19,-79.94,6.56,2.3,5.84,1.42,0.59,0.31,0.6,0.44,1122909,15708,0
395,-0.64,1.33,3.39,27.5,-41.31,14,2.3,5.84,1.42,0.59,0.31,0.6,0.44,1122947,15746,0
396,-0.08,0.02,0.1,27.5,-41.31,14,2.3,5.84,1.42,0.59,0.31,0.6,0.44,1122987,15786,0
397,-0.08,0.02,0.1,27.5,-41.31,14,1.57,4.15,1.27,0.59,0.31,0.6,0.44,1123026,15825,0
398,-0.08,0.02,0.1,27.5,-41.31,14,2.07,4.42,1.57,0.59,0.31,0.6,0.44,1123066,15865,0
399,-0.08,0.02,0.1,27.5,-41.31,14,2.45,5.19,1.84,0.59,0.31,0.6,0.44,1123105,15904,0
400,1.01,-0.57,-2.56,27.5,-41.31,14,2.45,5.19,1.84,0.59,0.31,0.6,0.44,1123145,15944,0
401,1.17,-0.95,-3.15,27.5,-41.31,14,2.45,5.19,1.84,0.59,0.31,0.6,0.44,1123185,15984,0
402,1.17,-0.95,-3.15,27.5,-41.31,14,5.82,11.09,2.72,0.59,0.31,0.6,0.44,1123225,16024,0
403,1.17,-0.95,-3.15,27.5,-41.31,14,7.51,17.33,2.11,0.59,0.31,0.6,0.44,1123267,16066,0
404,1.17,-0.95,-3.15,27.5,-41.31,14,7.2,16.11,1.31,0.59,0.31,0.6,0.44,1123306,16105,0
405,1.1,-0.8,-3.82,27.5,-41.31,14,7.2,16.11,1.31,0.59,0.31,0.6,0.44,1123347,16146,1
406,1.1,-0.8,-3.82,27.5,-41.31,14,7.62,14.92,0.54,0.59,0.31,0.6,0.44,1123388,16187,1
407,0.96,0.22,-2.55,27.5,-41.31,14,7.62,14.92,0.54,0.59,0.31,0.6,0.44,1123428,16227,1
408,0.96,0.22,-2.55,27.5,-41.31,14,5.32,9.9,0.5,0.59,0.31,0.6,0.44,1123469,16268,1
409,0.96,0.22,-2.55,27.5,-41.31,14,5.52,8.75,0.85,0.59,0.31,0.6,0.44,1123507,16306,1
410,0.48,-0.14,-1.01,27.5,-41.31,14,5.52,8.75,0.85,0.59,0.31,0.6,0.44,1123548,16347,1
411,0.19,-0.1,-0.43,27.5,-41.31,14,5.52,8.75,0.85,0.59,0.31,0.6,0.44,1123588,16387,1
412,0.19,-0.1,-0.43,27.5,-41.31,14,4.48,7.48,0.46,0.59,0.31,0.6,0.44,1123628,16427,1
413,0.19,-0.1,-0.43,27.5,-41.31,14,4.48,7.68,0.43,0.59,0.31,0.6,0.44,1123667,16466,1
414,0.19,-0.1,-0.43,27.5,-41.31,14,4.21,8.37,0.46,0.59,0.31,0.6,0.44,1123706,16505,1
415,-0.59,-0.25,1.23,27.5,-41.31,14,4.21,8.37,0.46,0.59,0.31,0.6,0.44,1123746,16545,1
416,-0.95,-0.83,1.19,27.5,-41.31,14,4.21,8.37,0.46,0.59,0.31,0.6,0.44,1123786,16585,1
417,-0.95,-0.83,1.19,27.5,-41.31,14,5.09,11.28,0.77,0.59,0.31,0.6,0.44,1123826,16625,1
418,-0.95,-0.83,1.19,27.5,-41.31,14,4.25,12.27,1.34,0.59,0.31,0.6,0.44,1123867,16666,1
419,-0.95,-0.83,1.19,27.5,-41.31,14,3.33,12.66,2.34,0.59,0.31,0.6,0.44,1123906,16705,1
420,-1.46,-0.38,2.86,27.5,-41.31,14,3.33,12.66,2.34,0.59,0.31,0.6,0.44,1123948,16747,1
421,-1.46,-0.63,2.68,27.5,-41.31,14,3.33,12.66,2.34,0.59,0.31,0.6,0.44,1123988,16787,1
422,-1.53,-1.75,2.95,27.5,-41.31,14,3.33,12.66,2.34,0.59,0.31,0.6,0.44,1124029,16828,1
423,-1.53,-1.75,2.95,27.5,-41.31,14,4.52,9.55,3.03,0.59,0.31,0.6,0.44,1124069,16868,1
424,-1.53,-1.75,2.95,27.5,-41.31,14,4.17,8.98,3.07,0.59,0.31,0.6,0.44,1124109,16908,1
425,-1.53,-1.75,2.95,39.81,-56.06,20.44,4.17,8.98,3.07,0.59,0.31,0.6,0.44,1124148,16947,1
426,-1.25,-0.18,2.39,39.81,-56.06,20.44,4.17,8.98,3.07,0.59,0.31,0.6,0.44,1124189,16988,1
427,-1.25,-0.18,2.39,39.81,-56.06,20.44,5.44,6.22,3.76,0.59,0.31,0.6,0.44,1124228,17027,1
428,-1.25,-0.18,2.39,39.81,-56.06,20.44,5.74,5.19,3.64,0.59,0.31,0.6,0.44,1124268,17067,1
429,-1.25,-0.18,2.39,39.81,-56.06,20.44,6.59,4.11,3.72,0.59,0.31,0.6,0.44,1124307,17106,1
430,-1.13,-0.24,0.9,39.81,-56.06,20.44,6.59,4.11,3.72,0.59,0.31,0.6,0.44,1124346,17145,1
431,-1.13,-0.24,0.9,39.81,-56.06,20.44,8.39,2.32,3.53,0.59,0.31,0.6,0.44,1124387,17186,1
432,-1.13,-0.09,0.42,39.81,-56.06,20.44,8.39,2.32,3.53,0.59,0.31,0.6,0.44,1124426,17225,1
433,-1.13,-0.09,0.42,39.81,-56.06,20.44,8.66,0.48,3.91,0.59,0.31,0.6,0.44,1124466,17265,1
434,-1.13,-0.09,0.42,39.81,-56.06,20.44,8.73,0.02,3.61,0.59,0.31,0.6,0.44,1124505,17304,1
435,-1.31,0.05,0.02,39.81,-56.06,20.44,8.73,0.02,3.61,0.59,0.31,0.6,0.44,1124546,17345,1
436,-1.41,-0.06,-0.11,39.81,-56.06,20.44,8.73,0.02,3.61,0.59,0.31,0.6,0.44,1124586,17385,1
437,-1.41,-0.06,-0.11,39.81,-56.06,20.44,8.81,-2.05,2.11,0.59,0.31,0.6,0.44,1124626,17425,1
438,-1.41,-0.06,-0.11,39.81,-56.06,20.44,9.61,-2.86,1.57,0.59,0.31,0.6,0.44,1124668,17467,1
439,-1.41,-0.06,-0.11,39.81,-56.06,20.44,10.61,-2.09,1.65,0.59,0.31,0.6,0.44,1124707,17506,1
440,-0.69,0,-0.45,39.81,-56.06,20.44,10.61,-2.09,1.65,0.59,0.31,0.6,0.44,1124749,17548,1
441,-0.36,0.24,-0.53,39.81,-56.06,20.44,10.61,-2.09,1.65,0.59,0.31,0.6,0.44,1124790,17589,1
442,-0.36,0.24,-0.53,39.81,-56.06,20.44,9.88,-0.41,2.5,0.59,0.31,0.6,0.44,1124832,17631,1
443,-0.36,0.24,-0.53,39.81,-56.06,20.44,8.62,-0.6,2.53,0.59,0.31,0.6,0.44,1124873,17672,1
444,-0.36,0.24,-0.53,39.81,-56.06,20.44,8.7,-0.29,2.5,0.59,0.31,0.6,0.44,1124914,17713,1
445,-0.36,0.24,-0.53,39.81,-56.06,20.44,8.62,0.02,2.19,0.59,0.31,0.6,0.44,1124954,17753,1
446,-0.17,-0.14,-0.39,39.81,-56.06,20.44,8.62,0.02,2.19,0.59,0.31,0.6,0.44,1124994,17793,1
447,-0.01,0.01,-0.61,39.81,-56.06,20.44,8.62,0.02,2.19,0.59,0.31,0.6,0.44,1125035,17834,1
448,-0.01,0.01,-0.61,39.81,-56.06,20.44,8.66,0.4,1.73,0.59,0.31,0.6,0.44,1125075,17874,1
449,-0.01,0.01,-0.61,39.81,-56.06,20.44,9.19,1.2,2,0.59,0.31,0.6,0.44,1125116,17915,1
450,-0.01,0.01,-0.61,39.81,-56.06,20.44,8.73,1.86,2.04,0.59,0.31,0.6,0.44,1125155,17954,1
451,0.31,-0.68,-0.99,39.81,-56.06,20.44,8.73,1.86,2.04,0.59,0.31,0.6,0.44,1125195,17994,1
452,0.31,-0.68,-0.99,39.81,-56.06,20.44,9,2.47,1.5,0.59,0.31,0.6,0.44,1125237,18036,1
453,0.45,-0.47,-0.71,39.81,-56.06,20.44,9,2.47,1.5,0.59,0.31,0.6,0.44,1125276,18075,1
454,0.45,-0.47,-0.71,39.81,-56.06,20.44,9.54,2.81,1.08,0.59,0.31,0.6,0.44,1125316,18115,1
455,0.45,-0.47,-0.71,39.81,-56.06,20.44,9.34,2.77,1.19,0.59,0.31,0.6,0.44,1125355,18154,1
456,0.35,-0.49,-0.54,39.81,-56.06,20.44,9.34,2.77,1.19,0.59,0.31,0.6,0.44,1125396,18195,1
457,0.11,-0.46,-0.52,39.81,-56.06,20.44,9.34,2.77,1.19,0.59,0.31,0.6,0.44,1125436,18235,1
458,0.11,-0.46,-0.52,39.81,-56.06,20.44,8.81,2.66,2.5,0.59,0.31,0.6,0.44,1125476,18275,1
459,0.11,-0.46,-0.52,39.81,-56.06,20.44,8.7,2.73,1.96,0.59,0.31,0.6,0.44,1125517,18316,1
460,0.11,-0.46,-0.52,39.81,-56.06,20.44,8.23,3.27,1.12,0.59,0.31,0.6,0.44,1125556,18355,1
461,-0.23,0.12,-0.48,39.81,-56.06,20.44,8.23,3.27,1.12,0.59,0.31,0.6,0.44,1125596,18395,1
462,-0.23,0.12,-0.48,39.81,-56.06,20.44,7.24,3.43,0.58,0.59,0.31,0.6,0.44,1125637,18436,1
463,-0.41,-0.11,-0.54,39.81,-56.06,20.44,7.24,3.43,0.58,0.59,0.31,0.6,0.44,1125677,18476,1
464,-0.41,-0.11,-0.54,39.81,-56.06,20.44,8,4.38,0.58,0.59,0.31,0.6,0.44,1125718,18517,1
465,-0.41,-0.11,-0.54,39.81,-56.06,20.44,8.31,4.61,0.58,0.59,0.31,0.6,0.44,1125756,18555,1
466,-0.24,-0.01,-0.64,39.81,-56.06,20.44,8.31,4.61,0.58,0.59,0.31,0.6,0.44,1125796,18595,1
467,-0.15,0.18,-0.67,39.81,-56.06,20.44,8.31,4.61,0.58,0.59,0.31,0.6,0.44,1125837,18636,1
468,-0.15,0.18,-0.67,39.81,-56.06,20.44,9.27,5.65,1.69,0.59,0.31,0.6,0.44,1125877,18676,1
469,-0.15,0.18,-0.67,39.81,-56.06,20.44,9.73,5.88,1.61,0.59,0.31,0.6,0.44,1125917,18716,1
470,-0.15,0.18,-0.67,39.81,-56.06,20.44,10.19,6.3,1.38,0.59,0.31,0.6,0.44,1125956,18755,1
471,-0.24,0.13,-0.34,39.81,-56.06,20.44,10.19,6.3,1.38,0.59,0.31,0.6,0.44,1125997,18796,1
472,-0.04,0.32,-0.31,39.81,-56.06,20.44,10.19,6.3,1.38,0.59,0.31,0.6,0.44,1126037,18836,1
473,-0.04,0.32,-0.31,39.81,-56.06,20.44,9.65,7.48,1.27,0.59,0.31,0.6,0.44,1126078,18877,1
474,-0.04,0.32,-0.31,39.81,-56.06,20.44,8.54,7.68,1.73,0.59,0.31,0.6,0.44,1126118,18917,1
475,-0.04,0.32,-0.31,39.81,-56.06,20.44,8.08,7.56,1.38,0.59,0.31,0.6,0.44,1126156,18955,1
476,0.2,0.03,-0.38,39.81,-56.06,20.44,8.08,7.56,1.38,0.59,0.31,0.6,0.44,1126196,18995,1
477,0.2,0.03,-0.38,39.81,-56.06,20.44,7.47,7.14,1.61,0.59,0.31,0.6,0.44,1126237,19036,1
478,0.16,0.26,-0.05,39.81,-56.06,20.44,7.47,7.14,1.61,0.59,0.31,0.6,0.44,1126276,19075,1
479,0.16,0.26,-0.05,39.81,-56.06,20.44,7.05,6.68,1.57,0.59,0.31,0.6,0.44,1126316,19115,1
480,0.16,0.26,-0.05,39.81,-56.06,20.44,6.97,6.64,1.65,0.59,0.31,0.6,0.44,1126354,19153,1
481,-0.07,-0.01,-0.04,39.81,-56.06,20.44,6.97,6.64,1.65,0.59,0.31,0.6,0.44,1126394,19193,1
482,-0.1,0,-0.08,39.81,-56.06,20.44,6.97,6.64,1.65,0.59,0.31,0.6,0.44,1126435,19234,1
483,-0.1,0,-0.08,39.81,-56.06,20.44,7.09,6.84,1.88,0.59,0.31,0.6,0.44,1126475,19274,1
484,-0.1,0,-0.08,39.81,-56.06,20.44,7.28,6.95,1.84,0.59,0.31,0.6,0.44,1126516,19315,1
485,-0.1,0,-0.08,39.81,-56.06,20.44,7.05,7.03,1.96,0.59,0.31,0.6,0.44,1126555,19354,1
486,0.01,0.07,-0.12,39.81,-56.06,20.44,7.05,7.03,1.96,0.59,0.31,0.6,0.44,1126595,19394,1
487,0.01,0.07,-0.12,39.81,-56.06,20.44,7.7,7.22,1.65,0.59,0.31,0.6,0.44,1126635,19434,1
488,0.01,0.07,-0.12,39.81,-56.06,20.44,7.28,7.18,1.5,0.59,0.31,0.6,0.44,1126676,19475,1
489,0.01,0.07,-0.12,39.81,-56.06,20.44,7.13,6.87,1.38,0.59,0.31,0.6,0.44,1126715,19514,1
490,0.01,0.07,-0.12,39.81,-56.06,20.44,7.24,6.72,1.57,0.59,0.31,0.6,0.44,1126754,19553,1
491,0.02,-0.06,-0.06,39.81,-56.06,20.44,7.24,6.72,1.57,0.59,0.31,0.6,0.44,1126795,19594,1
492,0.01,-0.07,-0.08,39.81,-56.06,20.44,7.24,6.72,1.57,0.59,0.31,0.6,0.44,1126835,19634,1
493,0.01,-0.07,-0.08,39.81,-56.06,20.44,6.82,6.87,1.84,0.59,0.31,0.6,0.44,1126875,19674,1
494,0.01,-0.07,-0.08,39.81,-56.06,20.44,6.89,6.99,1.96,0.59,0.31,0.6,0.44,1126916,19715,1
495,0.01,-0.07,-0.08,39.81,-56.06,20.44,7.01,7.07,1.77,0.59,0.31,0.6,0.44,1126955,19754,1
496,0.03,-0.01,-0.05,39.81,-56.06,20.44,7.01,7.07,1.77,0.59,0.31,0.6,0.44,1126994,19793,1
497,0.02,0,-0.01,39.81,-56.06,20.44,7.01,7.07,1.77,0.59,0.31,0.6,0.44,1127035,19834,1
498,0.02,0,-0.01,39.81,-56.06,20.44,6.93,7.03,1.61,0.59,0.31,0.6,0.44,1127076,19875,1
499,0.02,0,-0.01,39.81,-56.06,20.44,6.86,7.1,1.61,0.59,0.31,0.6,0.44,1127115,19914,1
500,0.02,0,-0.01,39.81,-56.06,20.44,6.97,7.03,1.61,0.59,0.31,0.6,0.44,1127153,19952,1
501,0.06,-0.06,-0.01,39.81,-56.06,20.44,6.97,7.03,1.61,0.59,0.31,0.6,0.44,1127193,19992,1
502,0.06,-0.06,-0.01,39.81,-56.06,20.44,6.78,7.22,1.88,0.59,0.31,0.6,0.44,1127234,20033,1
503,0.08,-0.07,0,39.81,-56.06,20.44,6.78,7.22,1.88,0.59,0.31,0.6,0.44,1127275,20074,1
504,0.08,-0.07,0,39.81,-56.06,20.44,6.97,7.52,1.38,0.59,0.31,0.6,0.44,1127315,20114,1
505,0.08,-0.07,0,39.81,-56.06,20.44,7.54,7.37,1.54,0.59,0.31,0.6,0.44,1127354,20153,1
506,0.05,0.27,0.19,39.81,-56.06,20.44,7.54,7.37,1.54,0.59,0.31,0.6,0.44,1127395,20194,1
507,0.22,0.72,0.41,39.81,-56.06,20.44,7.54,7.37,1.54,0.59,0.31,0.6,0.44,1127435,20234,1
508,0.22,0.72,0.41,39.81,-56.06,20.44,7.28,5.68,0.46,0.59,0.31,0.6,0.44,1127474,20273,1
509,0.22,0.72,0.41,39.81,-56.06,20.44,6.97,5.49,0.77,0.59,0.31,0.6,0.44,1127515,20314,1
510,0.22,0.72,0.41,39.81,-56.06,20.44,5.67,5.72,1.34,0.59,0.31,0.6,0.44,1127553,20352,1
511,0.25,-0.13,0.07,39.81,-56.06,20.44,5.67,5.72,1.34,0.59,0.31,0.6,0.44,1127591,20390,1
512,0.38,-0.53,-0.1,39.81,-56.06,20.44,5.67,5.72,1.34,0.59,0.31,0.6,0.44,1127631,20430,1
513,0.38,-0.53,-0.1,39.81,-56.06,20.44,7.16,7.75,1.8,0.59,0.31,0.6,0.44,1127673,20472,1
514,0.38,-0.53,-0.1,39.81,-56.06,20.44,7.58,7.37,1.88,0.59,0.31,0.6,0.44,1127713,20512,1
515,0.38,-0.53,-0.1,39.81,-56.06,20.44,7.28,7.07,1.73,0.59,0.31,0.6,0.44,1127752,20551,1
516,0.03,-0.12,-0.24,39.81,-56.06,20.44,7.28,7.07,1.73,0.59,0.31,0.6,0.44,1127793,20592,1
517,0.03,-0.12,-0.24,39.81,-56.06,20.44,7.09,6.72,1.38,0.59,0.31,0.6,0.44,1127834,20633,1
518,-0.14,0.07,-0.05,39.81,-56.06,20.44,7.09,6.72,1.38,0.59,0.31,0.6,0.44,1127875,20674,1
519,-0.14,0.07,-0.05,39.81,-56.06,20.44,7.09,7.1,1.08,0.59,0.31,0.6,0.44,1127915,20714,1
520,-0.14,0.07,-0.05,39.81,-56.06,20.44,6.7,7.03,0.66,0.59,0.31,0.6,0.44,1127954,20753,1
521,-0.03,0.01,-0.02,39.81,-56.06,20.44,6.7,7.03,0.66,0.59,0.31,0.6,0.44,1127994,20793,1
522,0.06,0.11,0.01,39.81,-56.06,20.44,6.7,7.03,0.66,0.59,0.31,0.6,0.44,1128035,20834,0
523,0.06,0.11,0.01,39.81,-56.06,20.44,6.86,6.99,1.12,0.59,0.31,0.6,0.44,1128074,20873,0
524,0.06,0.11,0.01,39.81,-56.06,20.44,7.05,7.18,1.54,0.59,0.31,0.6,0.44,1128114,20913,0
525,0.06,0.11,0.01,39.81,-56.06,20.44,6.93,7.41,1.34,0.59,0.31,0.6,0.44,1128152,20951,0
526,-0.03,-0.09,0.03,39.81,-56.06,20.44,6.93,7.41,1.34,0.59,0.31,0.6,0.44,1128192,20991,0
527,-0.03,-0.09,0.03,39.81,-56.06,20.44,7.43,7.45,1.15,0.59,0.31,0.6,0.44,1128232,21031,0
528,-0.04,0.02,0.12,39.81,-56.06,20.44,7.43,7.45,1.15,0.59,0.31,0.6,0.44,1128273,21072,0
529,-0.04,0.02,0.12,39.81,-56.06,20.44,7.58,7.56,1.38,0.59,0.31,0.6,0.44,1128313,21112,0
530,-0.04,0.02,0.12,39.81,-56.06,20.44,7.51,7.68,1.77,0.59,0.31,0.6,0.44,1128351,21150,0
531,-0.19,0.03,0.22,39.81,-56.06,20.44,7.51,7.68,1.77,0.59,0.31,0.6,0.44,1128392,21191,0
532,-0.25,0.02,0.3,39.81,-56.06,20.44,7.51,7.68,1.77,0.59,0.31,0.6,0.44,1128432,21231,0
533,-0.25,0.02,0.3,39.81,-56.06,20.44,9,8.45,1.92,0.59,0.31,0.6,0.44,1128472,21271,0
534,-0.25,0.02,0.3,39.81,-56.06,20.44,9.54,8.25,1.73,0.59,0.31,0.6,0.44,1128512,21311,0
535,-0.25,0.02,0.3,39.81,-56.06,20.44,9.61,8.1,1.77,0.59,0.31,0.6,0.44,1128550,21349,0
536,-0.28,0.24,0.79,39.81,-56.06,20.44,9.61,8.1,1.77,0.59,0.31,0.6,0.44,1128590,21389,0
537,-0.46,0.15,0.95,39.81,-56.06,20.44,9.61,8.1,1.77,0.59,0.31,0.6,0.44,1128629,21428,0
538,-0.46,0.15,0.95,39.81,-56.06,20.44,10,6.68,2.34,0.59,0.31,0.6,0.44,1128670,21469,0
539,-0.46,0.15,0.95,39.81,-56.06,20.44,9.77,5.8,2.72,0.59,0.31,0.6,0.44,1128710,21509,0
540,-0.46,0.15,0.95,39.81,-56.06,20.44,9.5,5.27,2.8,0.59,0.31,0.6,0.44,1128748,21547,0
541,-0.63,0.44,1.46,39.81,-56.06,20.44,9.5,5.27,2.8,0.59,0.31,0.6,0.44,1128786,21585,0
542,-0.63,0.44,1.46,39.81,-56.06,20.44,9.11,4.23,2.84,0.59,0.31,0.6,0.44,1128825,21624,0
543,-0.63,0.44,1.46,39.81,-56.06,20.44,8.85,3.85,2.88,0.59,0.31,0.6,0.44,1128864,21663,0
544,-0.63,0.44,1.46,39.81,-56.06,20.44,8.43,3.12,2.95,0.59,0.31,0.6,0.44,1128903,21702,0
545,-0.9,0.56,1.86,39.81,-56.06,20.44,8.43,3.12,2.95,0.59,0.31,0.6,0.44,1128943,21742,0
546,-0.9,0.56,1.86,39.81,-56.06,20.44,7.24,0.93,2.72,0.59,0.31,0.6,0.44,1128984,21783,0
547,-0.81,0.66,2.08,39.81,-56.06,20.44,7.24,0.93,2.72,0.59,0.31,0.6,0.44,1129023,21822,0
548,-0.81,0.66,2.08,39.81,-56.06,20.44,5.78,-0.83,2.69,0.59,0.31,0.6,0.44,1129063,21862,0
549,-0.81,0.66,2.08,39.81,-56.06,20.44,5.59,-1.36,2.99,0.59,0.31,0.6,0.44,1129101,21900,0
550,-0.55,0.49,1.51,39.81,-56.06,20.44,5.59,-1.36,2.99,0.59,0.31,0.6,0.44,1129143,21942,0
551,-0.46,0.23,1.09,39.81,-56.06,20.44,5.59,-1.36,2.99,0.59,0.31,0.6,0.44,1129183,21982,0
552,-0.46,0.23,1.09,39.81,-56.06,20.44,6.09,-3.55,3.91,0.59,0.31,0.6,0.44,1129224,22023,0
553,-0.46,0.23,1.09,39.81,-56.06,20.44,6.09,-3.85,4.22,0.59,0.31,0.6,0.44,1129264,22063,0
554,-0.46,0.23,1.09,39.81,-56.06,20.44,5.94,-4.23,4.41,0.59,0.31,0.6,0.44,1129303,22102,0
555,-0.34,0.35,0.25,39.81,-56.06,20.44,5.94,-4.23,4.41,0.59,0.31,0.6,0.44,1129344,22143,0
556,-0.31,0.35,0.13,39.81,-56.06,20.44,5.94,-4.23,4.41,0.59,0.31,0.6,0.44,1129383,22182,0
557,-0.31,0.35,0.13,39.81,-56.06,20.44,7.28,-4.39,5.52,0.59,0.31,0.6,0.44,1129425,22224,0
558,-0.31,0.35,0.13,39.81,-56.06,20.44,7.43,-3.74,5.21,0.59,0.31,0.6,0.44,1129465,22264,0
559,-0.31,0.35,0.13,39.81,-56.06,20.44,7.13,-3.32,4.95,0.59,0.31,0.6,0.44,1129504,22303,0
560,-0.83,0.61,-0.24,39.81,-56.06,20.44,7.13,-3.32,4.95,0.59,0.31,0.6,0.44,1129544,22343,0
561,-0.83,0.61,-0.24,39.81,-56.06,20.44,7.28,-3.55,5.02,0.59,0.31,0.6,0.44,1129585,22384,0
562,-1.33,0.83,-0.89,39.81,-56.06,20.44,7.28,-3.55,5.02,0.59,0.31,0.6,0.44,1129625,22424,0
563,-1.33,0.83,-0.89,39.81,-56.06,20.44,8.08,-3.28,5.25,0.59,0.31,0.6,0.44,1129666,22465,0
564,-1.33,0.83,-0.89,39.81,-56.06,20.44,7.58,-3.47,5.1,0.59,0.31,0.6,0.44,1129705,22504,0
565,-1.61,1.29,-1.42,39.81,-56.06,20.44,7.58,-3.47,5.1,0.59,0.31,0.6,0.44,1129746,22545,0
566,-1.74,1.41,-1.68,39.81,-56.06,20.44,7.58,-3.47,5.1,0.59,0.31,0.6,0.44,1129786,22585,0
567,-1.74,1.41,-1.68,39.81,-56.06,20.44,9.46,-2.78,4.83,0.59,0.31,0.6,0.44,1129826,22625,0
568,-1.74,1.41,-1.68,39.81,-56.06,20.44,9.84,-2.51,4.87,0.59,0.31,0.6,0.44,1129866,22665,0
569,-1.74,1.41,-1.68,39.81,-56.06,20.44,7.96,-3.28,3.84,0.59,0.31,0.6,0.44,1129906,22705,0
570,-1.74,1.41,-1.68,36.31,-61.94,10.88,7.96,-3.28,3.84,0.59,0.31,0.6,0.44,1129946,22745,0
571,-1.74,1.41,-1.68,36.31,-61.94,10.88,6.86,-4.12,3.72,0.59,0.31,0.6,0.44,1129986,22785,0
572,-1.57,0.71,-1.53,36.31,-61.94,10.88,6.86,-4.12,3.72,0.59,0.31,0.6,0.44,1130027,22826,0
573,-1.57,0.71,-1.53,36.31,-61.94,10.88,8.39,-3.43,4.41,0.59,0.31,0.6,0.44,1130066,22865,0
574,-1.57,0.71,-1.53,36.31,-61.94,10.88,8.31,-3.89,4.3,0.59,0.31,0.6,0.44,1130106,22905,0
575,-1.57,0.71,-1.53,39.44,-62.44,7.63,8.31,-3.89,4.3,0.59,0.31,0.6,0.44,1130146,22945,0
576,-1.26,0.43,-0.89,39.44,-62.44,7.63,8.31,-3.89,4.3,0.59,0.31,0.6,0.44,1130185,22984,0
577,-1.26,0.43,-0.89,39.44,-62.44,7.63,7.85,-4.85,4.52,0.59,0.31,0.6,0.44,1130225,23024,0
578,-1.26,0.43,-0.89,39.44,-62.44,7.63,8.27,-4.81,4.87,0.59,0.31,0.6,0.44,1130266,23065,0
579,-1.26,0.43,-0.89,39.44,-62.44,7.63,7.81,-4.85,5.14,0.59,0.31,0.6,0.44,1130305,23104,0
580,-1.26,0.43,-0.89,41.13,-60.31,6.44,7.81,-4.85,5.14,0.59,0.31,0.6,0.44,1130344,23143,0
581,-0.41,0.24,-0.12,41.13,-60.31,6.44,7.81,-4.85,5.14,0.59,0.31,0.6,0.44,1130384,23183,0
582,-0.41,0.24,-0.12,41.13,-60.31,6.44,7.16,-5.08,5.1,0.59,0.31,0.6,0.44,1130424,23223,0
583,-0.41,0.24,-0.12,41.13,-60.31,6.44,7.16,-4.89,4.91,0.59,0.31,0.6,0.44,1130464,23263,0
584,-0.41,0.24,-0.12,41.13,-60.31,6.44,7.58,-5.2,4.95,0.59,0.31,0.6,0.44,1130503,23302,0
585,-0.1,0.12,0.13,41.13,-60.31,6.44,7.58,-5.2,4.95,0.59,0.31,0.6,0.44,1130543,23342,0
586,-0.1,0.12,0.13,41.13,-60.31,6.44,5.97,-4.93,4.18,0.59,0.31,0.6,0.44,1130584,23383,0
587,0.13,0.25,-0.17,41.13,-60.31,6.44,5.97,-4.93,4.18,0.59,0.31,0.6,0.44,1130624,23423,0
588,0.13,0.25,-0.17,41.13,-60.31,6.44,7.05,-4.23,4.52,0.59,0.31,0.6,0.44,1130662,23461,0
589,0.13,0.25,-0.17,41.13,-60.31,6.44,6.01,-3.74,3.72,0.59,0.31,0.6,0.44,1130701,23500,0
590,0.28,-0.12,-0.96,41.13,-60.31,6.44,6.01,-3.74,3.72,0.59,0.31,0.6,0.44,1130741,23540,0
591,0.29,-0.06,-1.29,41.13,-60.31,6.44,6.01,-3.74,3.72,0.59,0.31,0.6,0.44,1130781,23580,0
592,0.29,-0.06,-1.29,41.13,-60.31,6.44,4.79,-1.32,3.45,0.59,0.31,0.6,0.44,1130821,23620,0
593,0.29,-0.06,-1.29,41.13,-60.31,6.44,6.59,0.67,4.37,0.59,0.31,0.6,0.44,1130861,23660,0
594,0.29,-0.06,-1.29,41.13,-60.31,6.44,5.86,1.2,3.14,0.59,0.31,0.6,0.44,1130900,23699,0
595,1.29,-0.53,-3.6,41.13,-60.31,6.44,5.86,1.2,3.14,0.59,0.31,0.6,0.44,1130940,23739,0
596,1.29,-0.53,-3.6,41.13,-60.31,6.44,6.55,6.99,2.65,0.59,0.31,0.6,0.44,1130980,23779,0
597,1.29,-0.53,-3.6,41.13,-60.31,6.44,6.51,9.21,2.42,0.59,0.31,0.6,0.44,1131019,23818,0
598,1.29,-0.53,-3.6,41.13,-60.31,6.44,7.93,14.07,1.84,0.59,0.31,0.6,0.44,1131059,23858,0
599,1.29,-0.53,-3.6,41.13,-60.31,6.44,6.82,13.2,1.31,0.59,0.31,0.6,0.44,1131098,23897,0
600,1.25,-1.19,-3.99,41.13,-60.31,6.44,6.82,13.2,1.31,0.59,0.31,0.6,0.44,1131138,23937,0
601,1.25,-1.19,-3.99,41.13,-60.31,6.44,6.7,14.54,0.93,0.59,0.31,0.6,0.44,1131180,23979,0
602,1.25,-1.19,-3.99,41.13,-60.31,6.44,5.74,13.58,0.43,0.59,0.31,0.6,0.44,1131218,24017,0
603,1.25,-1.19,-3.99,41.13,-60.31,6.44,5.55,12.01,0.46,0.59,0.31,0.6,0.44,1131258,24057,0
604,1.25,-1.19,-3.99,41.13,-60.31,6.44,5.29,11.16,0.35,0.59,0.31,0.6,0.44,1131297,24096,0
605,0.83,-0.84,-2.04,41.13,-60.31,6.44,5.29,11.16,0.35,0.59,0.31,0.6,0.44,1131337,24136,0
606,0.65,-1.04,-1.67,41.13,-60.31,6.44,5.29,11.16,0.35,0.59,0.31,0.6,0.44,1131377,24176,0
607,0.65,-1.04,-1.67,41.13,-60.31,6.44,5.32,8.45,1.69,0.59,0.31,0.6,0.44,1131417,24216,0
608,0.65,-1.04,-1.67,41.13,-60.31,6.44,5.25,7.79,2.15,0.59,0.31,0.6,0.44,1131457,24256,0
609,0.65,-1.04,-1.67,41.13,-60.31,6.44,4.94,7.52,2.5,0.59,0.31,0.6,0.44,1131495,24294,0
610,0.03,-0.05,0.4,41.13,-60.31,6.44,4.94,7.52,2.5,0.59,0.31,0.6,0.44,1131535,24334,0
611,0.03,-0.05,0.4,41.13,-60.31,6.44,4.55,8.83,2.38,0.59,0.31,0.6,0.44,1131573,24372,0
612,0.03,-0.05,0.4,41.13,-60.31,6.44,4.44,9.48,2.15,0.59,0.31,0.6,0.44,1131613,24412,0
613,0.03,-0.05,0.4,41.13,-60.31,6.44,4.75,10.24,2.07,0.59,0.31,0.6,0.44,1131651,24450,0
614,-0.64,-0.07,1.88,41.13,-60.31,6.44,4.75,10.24,2.07,0.59,0.31,0.6,0.44,1131691,24490,0
615,-0.64,-0.07,1.88,41.13,-60.31,6.44,5.55,11.09,1.34,0.59,0.31,0.6,0.44,1131731,24530,0
616,-0.64,-0.07,1.88,41.13,-60.31,6.44,6.16,12.08,1.23,0.59,0.31,0.6,0.44,1131771,24570,0
617,-0.64,-0.07,1.88,41.13,-60.31,6.44,7.81,15.49,0.54,0.59,0.31,0.6,0.44,1131811,24610,0
618,-0.64,-0.07,1.88,41.13,-60.31,6.44,7.47,15.53,0.08,0.59,0.31,0.6,0.44,1131850,24649,0
619,-0.9,0.54,4.32,41.13,-60.31,6.44,7.47,15.53,0.08,0.59,0.31,0.6,0.44,1131890,24689,0
620,-0.9,0.54,4.32,41.13,-60.31,6.44,8.39,15.99,0.39,0.59,0.31,0.6,0.44,1131931,24730,0
621,-0.91,0.89,4.7,41.13,-60.31,6.44,8.39,15.99,0.39,0.59,0.31,0.6,0.44,1131970,24769,0
622,-0.91,0.89,4.7,41.13,-60.31,6.44,6.93,10.97,0.81,0.59,0.31,0.6,0.44,1132011,24810,0
623,-0.91,0.89,4.7,41.13,-60.31,6.44,5.86,8.79,1.31,0.59,0.31,0.6,0.44,1132049,24848,0
624,-0.72,1.13,3.42,41.13,-60.31,6.44,5.86,8.79,1.31,0.59,0.31,0.6,0.44,1132089,24888,0
625,-0.46,0.85,2.17,41.13,-60.31,6.44,5.86,8.79,1.31,0.59,0.31,0.6,0.44,1132129,24928,0
626,-0.46,0.85,2.17,41.13,-60.31,6.44,2.34,2.2,1.57,0.59,0.31,0.6,0.44,1132167,24966,0
627,-0.46,0.85,2.17,41.13,-60.31,6.44,2.6,1.82,1.42,0.59,0.31,0.6,0.44,1132206,25005,0
628,-0.46,0.85,2.17,41.13,-60.31,6.44,2.95,1.74,1.84,0.59,0.31,0.6,0.44,1132243,25042,0
629,0.38,-0.15,-1.09,41.13,-60.31,6.44,2.95,1.74,1.84,0.59,0.31,0.6,0.44,1132282,25081,0
630,0.38,-0.15,-1.09,41.13,-60.31,6.44,4.55,3.27,2.46,0.59,0.31,0.6,0.44,1132322,25121,0
631,0.38,-0.15,-1.09,41.13,-60.31,6.44,4.79,3.92,2.88,0.59,0.31,0.6,0.44,1132363,25162,0
632,0.38,-0.15,-1.09,41.13,-60.31,6.44,6.2,7.45,2.57,0.59,0.31,0.6,0.44,1132401,25200,0
633,0.95,-1.08,-3.64,41.13,-60.31,6.44,6.2,7.45,2.57,0.59,0.31,0.6,0.44,1132441,25240,0
634,1.01,-1.28,-4.18,41.13,-60.31,6.44,6.2,7.45,2.57,0.59,0.31,0.6,0.44,1132481,25280,0
635,1.01,-1.28,-4.18,41.13,-60.31,6.44,7.43,11.55,1.65,0.59,0.31,0.6,0.44,1132522,25321,0
636,1.01,-1.28,-4.18,41.13,-60.31,6.44,6.93,13.08,1.77,0.59,0.31,0.6,0.44,1132563,25362,0
637,1.01,-1.28,-4.18,41.13,-60.31,6.44,7.05,14.46,1.34,0.59,0.31,0.6,0.44,1132601,25400,0
638,0.97,-1,-3.63,41.13,-60.31,6.44,7.05,14.46,1.34,0.59,0.31,0.6,0.44,1132643,25442,0
639,0.87,-0.54,-2.95,41.13,-60.31,6.44,7.05,14.46,1.34,0.59,0.31,0.6,0.44,1132683,25482,0
640,0.88,-0.23,-2.33,41.13,-60.31,6.44,7.05,14.46,1.34,0.59,0.31,0.6,0.44,1132723,25522,0
641,0.88,-0.23,-2.33,41.13,-60.31,6.44,5.44,10.4,1.42,0.59,0.31,0.6,0.44,1132763,25562,0
642,0.88,-0.23,-2.33,41.13,-60.31,6.44,5.13,9.71,1.31,0.59,0.31,0.6,0.44,1132802,25601,0
643,0.42,-0.48,-1.51,41.13,-60.31,6.44,5.13,9.71,1.31,0.59,0.31,0.6,0.44,1132841,25640,0
644,0.18,-0.29,-0.78,41.13,-60.31,6.44,5.13,9.71,1.31,0.59,0.31,0.6,0.44,1132881,25680,0
645,0.18,-0.29,-0.78,41.13,-60.31,6.44,5.67,7.56,2.07,0.59,0.31,0.6,0.44,1132921,25720,0
646,0.18,-0.29,-0.78,41.13,-60.31,6.44,5.4,7.79,1.92,0.59,0.31,0.6,0.44,1132961,25760,0
647,0.18,-0.29,-0.78,41.13,-60.31,6.44,5.4,9.05,1.54,0.59,0.31,0.6,0.44,1132999,25798,0
648,-0.41,-0.23,1.17,41.13,-60.31,6.44,5.4,9.05,1.54,0.59,0.31,0.6,0.44,1133039,25838,0
649,-0.41,-0.23,1.17,41.13,-60.31,6.44,6.05,9.9,1.54,0.59,0.31,0.6,0.44,1133081,25880,0
650,-0.32,0.44,2.13,41.13,-60.31,6.44,6.05,9.9,1.54,0.59,0.31,0.6,0.44,1133119,25918,0
651,-0.32,0.44,2.13,41.13,-60.31,6.44,7.24,17.18,0.81,0.59,0.31,0.6,0.44,1133159,25958,0
652,-0.32,0.44,2.13,41.13,-60.31,6.44,5.09,15.57,0.62,0.59,0.31,0.6,0.44,1133197,25996,0
653,-0.8,0.81,3.77,41.13,-60.31,6.44,5.09,15.57,0.62,0.59,0.31,0.6,0.44,1133238,26037,0
654,-0.92,1.58,4.25,41.13,-60.31,6.44,5.09,15.57,0.62,0.59,0.31,0.6,0.44,1133277,26076,0
655,-0.92,1.58,4.25,41.13,-60.31,6.44,7.09,15.64,-0.23,0.59,0.31,0.6,0.44,1133316,26115,0
656,-0.92,1.58,4.25,41.13,-60.31,6.44,7.05,13.58,0.23,0.59,0.31,0.6,0.44,1133356,26155,0
657,-0.92,1.58,4.25,41.13,-60.31,6.44,6.97,11.97,0.43,0.59,0.31,0.6,0.44,1133393,26192,0
658,-1.05,1.38,4.2,41.13,-60.31,6.44,6.97,11.97,0.43,0.59,0.31,0.6,0.44,1133433,26232,0
659,-0.97,1.08,3.09,41.13,-60.31,6.44,6.97,11.97,0.43,0.59,0.31,0.6,0.44,1133472,26271,0
660,-0.97,1.08,3.09,41.13,-60.31,6.44,2.38,3.85,0.81,0.59,0.31,0.6,0.44,1133512,26311,0
661,-0.97,1.08,3.09,41.13,-60.31,6.44,1.57,2.58,0.7,0.59,0.31,0.6,0.44,1133550,26349,0
662,-0.12,0.61,0.39,41.13,-60.31,6.44,1.57,2.58,0.7,0.59,0.31,0.6,0.44,1133590,26389,0
663,0.3,0.11,-0.76,41.13,-60.31,6.44,1.57,2.58,0.7,0.59,0.31,0.6,0.44,1133630,26429,0
664,0.3,0.11,-0.76,41.13,-60.31,6.44,1.95,3.35,1.38,0.59,0.31,0.6,0.44,1133669,26468,0
665,0.3,0.11,-0.76,41.13,-60.31,6.44,2.95,4.46,2.04,0.59,0.31,0.6,0.44,1133710,26509,0
666,0.3,0.11,-0.76,41.13,-60.31,6.44,4.52,8.33,1.54,0.59,0.31,0.6,0.44,1133747,26546,0
667,1.29,-1.3,-3.9,41.13,-60.31,6.44,4.52,8.33,1.54,0.59,0.31,0.6,0.44,1133787,26586,0
668,1.29,-1.3,-3.9,41.13,-60.31,6.44,6.66,13.5,1.12,0.59,0.31,0.6,0.44,1133826,26625,0
669,1.29,-1.3,-3.9,41.13,-60.31,6.44,6.55,13.69,1.27,0.59,0.31,0.6,0.44,1133865,26664,0
670,1.29,-1.3,-3.9,41.13,-60.31,6.44,7.32,16.45,1.77,0.59,0.31,0.6,0.44,1133906,26705,0
671,1.29,-1.3,-3.9,41.13,-60.31,6.44,6.89,16.57,1.23,0.59,0.31,0.6,0.44,1133944,26743,0
672,0.6,-2.17,-3.97,41.13,-60.31,6.44,6.89,16.57,1.23,0.59,0.31,0.6,0.44,1133984,26783,0
673,0.6,-2.17,-3.97,41.13,-60.31,6.44,8.04,13.92,1.08,0.59,0.31,0.6,0.44,1134024,26823,0
674,0.6,-2.17,-3.97,41.13,-60.31,6.44,7.28,11.55,1.34,0.59,0.31,0.6,0.44,1134064,26863,0
675,0.6,-2.17,-3.97,41.13,-60.31,6.44,7.32,10.82,1.19,0.59,0.31,0.6,0.44,1134102,26901,0
676,0.84,0.86,-1.81,41.13,-60.31,6.44,7.32,10.82,1.19,0.59,0.31,0.6,0.44,1134142,26941,0
677,0.84,0.86,-1.81,41.13,-60.31,6.44,5.59,8.79,1.92,0.59,0.31,0.6,0.44,1134183,26982,0
678,0.05,-0.5,-0.42,41.13,-60.31,6.44,5.59,8.79,1.92,0.59,0.31,0.6,0.44,1134222,27021,0
679,0.05,-0.5,-0.42,41.13,-60.31,6.44,5.78,7.1,2.38,0.59,0.31,0.6,0.44,1134262,27061,0
680,0.05,-0.5,-0.42,41.13,-60.31,6.44,5.55,7.48,2.23,0.59,0.31,0.6,0.44,1134300,27099,0
681,-0.31,-0.1,1.12,41.13,-60.31,6.44,5.55,7.48,2.23,0.59,0.31,0.6,0.44,1134340,27139,0
682,-0.51,-0.04,1.73,41.13,-60.31,6.44,5.55,7.48,2.23,0.59,0.31,0.6,0.44,1134380,27179,0
683,-0.51,-0.04,1.73,41.13,-60.31,6.44,5.55,11.36,1.08,0.59,0.31,0.6,0.44,1134418,27217,0
684,-0.51,-0.04,1.73,41.13,-60.31,6.44,6.39,13.73,1.04,0.59,0.31,0.6,0.44,1134459,27258,0
685,-0.51,-0.04,1.73,41.13,-60.31,6.44,6.39,15.68,0.7,0.59,0.31,0.6,0.44,1134498,27297,0
686,-0.95,-0.19,4.03,41.13,-60.31,6.44,6.39,15.68,0.7,0.59,0.31,0.6,0.44,1134538,27337,0
687,-0.95,-0.19,4.03,41.13,-60.31,6.44,7.47,17.87,0.2,0.59,0.31,0.6,0.44,1134579,27378,0
688,-0.95,-0.19,4.03,41.13,-60.31,6.44,6.93,15.49,-0.15,0.59,0.31,0.6,0.44,1134619,27418,0
689,-0.95,-0.19,4.03,41.13,-60.31,6.44,5.94,12.62,0.35,0.59,0.31,0.6,0.44,1134660,27459,0
690,-0.95,-0.19,4.03,41.13,-60.31,6.44,5.52,11.2,0.08,0.59,0.31,0.6,0.44,1134698,27497,0
691,-0.79,1.41,3.94,41.13,-60.31,6.44,5.52,11.2,0.08,0.59,0.31,0.6,0.44,1134740,27539,0
692,-0.75,1.43,2.79,41.13,-60.31,6.44,5.52,11.2,0.08,0.59,0.31,0.6,0.44,1134780,27579,0
693,-0.75,1.43,2.79,41.13,-60.31,6.44,1.99,5.15,-0.07,0.59,0.31,0.6,0.44,1134820,27619,0
694,-0.75,1.43,2.79,41.13,-60.31,6.44,1.3,4.27,0,0.59,0.31,0.6,0.44,1134860,27659,0
695,-0.75,1.43,2.79,41.13,-60.31,6.44,1.49,4.04,0.2,0.59,0.31,0.6,0.44,1134898,27697,0
696,0.46,-0.09,-0.82,41.13,-60.31,6.44,1.49,4.04,0.2,0.59,0.31,0.6,0.44,1134937,27736,0
697,0.75,-0.49,-1.83,41.13,-60.31,6.44,1.49,4.04,0.2,0.59,0.31,0.6,0.44,1134977,27776,0
698,0.75,-0.49,-1.83,41.13,-60.31,6.44,2.95,6.07,1.34,0.59,0.31,0.6,0.44,1135015,27814,0
699,0.75,-0.49,-1.83,41.13,-60.31,6.44,4.33,8.41,1.42,0.59,0.31,0.6,0.44,1135055,27854,0
700,0.75,-0.49,-1.83,41.13,-60.31,6.44,6.13,13.92,0.7,0.59,0.31,0.6,0.44,1135093,27892,0
701,1.08,-1.51,-4.28,41.13,-60.31,6.44,6.13,13.92,0.7,0.59,0.31,0.6,0.44,1135133,27932,0
702,1.08,-1.51,-4.28,41.13,-60.31,6.44,6.39,14.11,1.57,0.59,0.31,0.6,0.44,1135173,27972,0
703,1.08,-1.51,-4.28,41.13,-60.31,6.44,6.82,15.41,2.07,0.59,0.31,0.6,0.44,1135213,28012,0
704,1.08,-1.51,-4.28,41.13,-60.31,6.44,6.13,14.42,1.19,0.59,0.31,0.6,0.44,1135253,28052,0
705,1.08,-1.51,-4.28,36,-103.56,2.56,6.13,14.42,1.19,0.59,0.31,0.6,0.44,1135292,28091,0
706,1.08,-1.51,-4.28,36,-103.56,2.56,6.51,12.5,0.62,0.59,0.31,0.6,0.44,1135333,28132,1
707,1.08,-1.51,-4.28,36,-103.56,2.56,6.2,11.59,0.2,0.59,0.31,0.6,0.44,1135374,28173,1
708,1.08,-1.51,-4.28,36,-103.56,2.56,5.86,9.55,1.04,0.59,0.31,0.6,0.44,1135414,28213,1
709,1.08,-1.51,-4.28,36,-103.56,2.56,5.97,8.86,1.23,0.59,0.31,0.6,0.44,1135454,28253,1
710,1.08,-1.51,-4.28,55.38,-106.94,5.38,5.97,8.86,1.23,0.59,0.31,0.6,0.44,1135493,28292,1
711,0.13,-0.39,-0.33,55.38,-106.94,5.38,5.97,8.86,1.23,0.59,0.31,0.6,0.44,1135533,28332,1
712,0.13,-0.39,-0.33,55.38,-106.94,5.38,6.09,7.71,2.04,0.59,0.31,0.6,0.44,1135572,28371,1
713,0.13,-0.39,-0.33,55.38,-106.94,5.38,5.09,8.33,2.19,0.59,0.31,0.6,0.44,1135612,28411,1
714,0.13,-0.39,-0.33,55.38,-106.94,5.38,5.25,9.13,2,0.59,0.31,0.6,0.44,1135651,28450,1
715,-0.38,0.35,2.09,55.38,-106.94,5.38,5.25,9.13,2,0.59,0.31,0.6,0.44,1135691,28490,1
716,-0.48,0.25,2.37,55.38,-106.94,5.38,5.25,9.13,2,0.59,0.31,0.6,0.44,1135731,28530,1
717,-0.48,0.25,2.37,55.38,-106.94,5.38,5.52,13.54,1.19,0.59,0.31,0.6,0.44,1135772,28571,1
718,-0.48,0.25,2.37,55.38,-106.94,5.38,6.05,13.46,0.04,0.59,0.31,0.6,0.44,1135812,28611,1
719,-0.48,0.25,2.37,55.38,-106.94,5.38,6.63,13.77,0.04,0.59,0.31,0.6,0.44,1135851,28650,1
720,-0.8,1.7,3.44,55.38,-106.94,5.38,6.63,13.77,0.04,0.59,0.31,0.6,0.44,1135891,28690,1
721,-0.8,1.7,3.44,55.38,-106.94,5.38,7.05,13.5,-1.22,0.59,0.31,0.6,0.44,1135932,28731,1
722,-0.99,0.67,4.88,55.38,-106.94,5.38,7.05,13.5,-1.22,0.59,0.31,0.6,0.44,1135972,28771,1
723,-0.99,0.67,4.88,55.38,-106.94,5.38,9.27,13.04,-1.18,0.59,0.31,0.6,0.44,1136013,28812,1
724,-0.99,0.67,4.88,55.38,-106.94,5.38,9.65,12.04,-0.19,0.59,0.31,0.6,0.44,1136052,28851,1
725,-0.75,0.78,5.21,55.38,-106.94,5.38,9.65,12.04,-0.19,0.59,0.31,0.6,0.44,1136093,28892,1
726,-0.55,0.52,4.78,55.38,-106.94,5.38,9.65,12.04,-0.19,0.59,0.31,0.6,0.44,1136134,28933,1
727,-0.55,0.52,4.78,55.38,-106.94,5.38,7.43,3.92,0.93,0.59,0.31,0.6,0.44,1136174,28973,1
728,-0.55,0.52,4.78,55.38,-106.94,5.38,5.78,1.63,1.42,0.59,0.31,0.6,0.44,1136214,29013,1
729,-0.55,0.52,4.78,55.38,-106.94,5.38,4.14,-1.55,1.88,0.59,0.31,0.6,0.44,1136252,29051,1
730,-0.55,0.52,4.78,28.5,-19.63,-10.63,4.14,-1.55,1.88,0.59,0.31,0.6,0.44,1136291,29090,1
731,0.46,-0.56,1.67,28.5,-19.63,-10.63,4.14,-1.55,1.88,0.59,0.31,0.6,0.44,1136332,29131,1
732,0.46,-0.56,1.67,28.5,-19.63,-10.63,4.25,-4.85,2.57,0.59,0.31,0.6,0.44,1136373,29172,1
733,0.46,-0.56,1.67,28.5,-19.63,-10.63,5.63,-6.11,3.34,0.59,0.31,0.6,0.44,1136413,29212,1
734,0.46,-0.56,1.67,28.5,-19.63,-10.63,6.51,-6.57,3.49,0.59,0.31,0.6,0.44,1136453,29252,1
735,0.46,-0.56,1.67,35.38,-17,-14.56,6.51,-6.57,3.49,0.59,0.31,0.6,0.44,1136493,29292,1
736,1.62,-2.37,0.89,35.38,-17,-14.56,6.51,-6.57,3.49,0.59,0.31,0.6,0.44,1136533,29332,1
737,1.77,-2.68,1.05,35.38,-17,-14.56,6.51,-6.57,3.49,0.59,0.31,0.6,0.44,1136573,29372,1
738,1.77,-2.68,1.05,35.38,-17,-14.56,6.7,-6.23,3.76,0.59,0.31,0.6,0.44,1136613,29412,1
739,1.77,-2.68,1.05,35.38,-17,-14.56,6.82,-6.15,4.03,0.59,0.31,0.6,0.44,1136653,29452,1
740,1.77,-2.68,1.05,27.63,-29.44,-16.5,6.82,-6.15,4.03,0.59,0.31,0.6,0.44,1136693,29492,1
741,1.88,-2.15,0.7,27.63,-29.44,-16.5,6.82,-6.15,4.03,0.59,0.31,0.6,0.44,1136733,29532,1
742,1.88,-2.15,0.7,27.63,-29.44,-16.5,7.54,-5,4.22,0.59,0.31,0.6,0.44,1136773,29572,1
743,1.88,-2.15,0.7,27.63,-29.44,-16.5,7.81,-4.46,4.49,0.59,0.31,0.6,0.44,1136813,29612,1
744,1.88,-2.15,0.7,27.63,-29.44,-16.5,7.47,-5.77,4.64,0.59,0.31,0.6,0.44,1136852,29651,1
745,1.88,-2.15,0.7,19.69,-37.75,-16.44,7.47,-5.77,4.64,0.59,0.31,0.6,0.44,1136892,29691,1
746,1.88,-2.15,0.7,19.69,-37.75,-16.44,7.66,-4.7,3.64,0.59,0.31,0.6,0.44,1136932,29731,1
747,0.59,-0.54,-0.13,19.69,-37.75,-16.44,7.66,-4.7,3.64,0.59,0.31,0.6,0.44,1136973,29772,1
748,0.59,-0.54,-0.13,19.69,-37.75,-16.44,7.66,-5.04,3.22,0.59,0.31,0.6,0.44,1137013,29812,1
749,0.59,-0.54,-0.13,19.69,-37.75,-16.44,7.47,-5.16,2.92,0.59,0.31,0.6,0.44,1137054,29853,1
750,0.59,-0.54,-0.13,17.88,-42.94,-14.44,7.47,-5.16,2.92,0.59,0.31,0.6,0.44,1137096,29895,1
751,-0.08,-0.2,-0.45,17.88,-42.94,-14.44,7.47,-5.16,2.92,0.59,0.31,0.6,0.44,1137137,29936,1
752,-0.08,-0.2,-0.45,17.88,-42.94,-14.44,7.54,-6.15,2.8,0.59,0.31,0.6,0.44,1137179,29978,1
753,-0.08,-0.2,-0.45,17.88,-42.94,-14.44,8.46,-5.58,3.07,0.59,0.31,0.6,0.44,1137221,30020,1
754,-0.08,-0.2,-0.45,17.88,-42.94,-14.44,7.09,-4.73,2.5,0.59,0.31,0.6,0.44,1137262,30061,1
755,-0.08,-0.2,-0.45,17.88,-42.94,-14.44,7.47,-4.58,3.03,0.59,0.31,0.6,0.44,1137302,30101,1
756,0.49,0.05,-0.94,17.88,-42.94,-14.44,7.47,-4.58,3.03,0.59,0.31,0.6,0.44,1137344,30143,1
757,0.47,-0.21,-1.17,17.88,-42.94,-14.44,7.47,-4.58,3.03,0.59,0.31,0.6,0.44,1137385,30184,1
758,0.47,-0.21,-1.17,17.88,-42.94,-14.44,7.62,-2.66,2.76,0.59,0.31,0.6,0.44,1137426,30225,1
759,0.47,-0.21,-1.17,17.88,-42.94,-14.44,7.62,-2.51,2.69,0.59,0.31,0.6,0.44,1137469,30268,1
760,0.47,-0.21,-1.17,17.88,-42.94,-14.44,7.01,-1.02,2.5,0.59,0.31,0.6,0.44,1137510,30309,1
761,0.47,-0.21,-1.17,17.88,-42.94,-14.44,7.35,-1.25,2.42,0.59,0.31,0.6,0.44,1137550,30349,1
762,0.62,-0.53,-1.82,17.88,-42.94,-14.44,7.35,-1.25,2.42,0.59,0.31,0.6,0.44,1137591,30390,1
763,0.47,-0.41,-1.78,17.88,-42.94,-14.44,7.35,-1.25,2.42,0.59,0.31,0.6,0.44,1137632,30431,1
764,0.47,-0.41,-1.78,17.88,-42.94,-14.44,9.23,1.2,2.42,0.59,0.31,0.6,0.44,1137673,30472,1
765,0.47,-0.41,-1.78,17.88,-42.94,-14.44,9.65,1.93,2.57,0.59,0.31,0.6,0.44,1137714,30513,1
766,0.47,-0.41,-1.78,17.88,-42.94,-14.44,9.61,2.35,2.65,0.59,0.31,0.6,0.44,1137753,30552,1
767,0.47,-0.41,-1.78,16.94,-78.56,-6.69,9.61,2.35,2.65,0.59,0.31,0.6,0.44,1137793,30592,1
768,0.22,-0.24,-1.25,16.94,-78.56,-6.69,9.61,2.35,2.65,0.59,0.31,0.6,0.44,1137831,30630,1
769,0.22,-0.24,-1.25,16.94,-78.56,-6.69,9.5,3.85,2.27,0.59,0.31,0.6,0.44,1137872,30671,1
770,0.22,-0.24,-1.25,16.94,-78.56,-6.69,9.23,4.27,2.07,0.59,0.31,0.6,0.44,1137911,30710,1
771,0.22,-0.24,-1.25,16.94,-78.56,-6.69,9.38,4.77,1.8,0.59,0.31,0.6,0.44,1137950,30749,1
772,0.42,0.08,-0.85,16.94,-78.56,-6.69,9.38,4.77,1.8,0.59,0.31,0.6,0.44,1137990,30789,1
773,0.42,0.08,-0.85,16.94,-78.56,-6.69,8.96,4.8,1.8,0.59,0.31,0.6,0.44,1138031,30830,1
774,0.36,0.2,-0.76,16.94,-78.56,-6.69,8.96,4.8,1.8,0.59,0.31,0.6,0.44,1138070,30869,1
775,0.36,0.2,-0.76,16.94,-78.56,-6.69,9.34,5.76,2.04,0.59,0.31,0.6,0.44,1138110,30909,1
776,0.36,0.2,-0.76,16.94,-78.56,-6.69,9.19,5.88,1.57,0.59,0.31,0.6,0.44,1138148,30947,1
777,0.25,0.25,-0.88,16.94,-78.56,-6.69,9.19,5.88,1.57,0.59,0.31,0.6,0.44,1138188,30987,1
778,0.35,-0.1,-0.92,16.94,-78.56,-6.69,9.19,5.88,1.57,0.59,0.31,0.6,0.44,1138228,31027,1
779,0.35,-0.1,-0.92,16.94,-78.56,-6.69,8.27,7.56,1.84,0.59,0.31,0.6,0.44,1138268,31067,1
780,0.35,-0.1,-0.92,16.94,-78.56,-6.69,8.27,7.83,1.27,0.59,0.31,0.6,0.44,1138308,31107,1
781,0.35,-0.1,-0.92,16.94,-78.56,-6.69,7.93,7.98,1.19,0.59,0.31,0.6,0.44,1138347,31146,1
782,0.25,0.31,-0.64,16.94,-78.56,-6.69,7.93,7.98,1.19,0.59,0.31,0.6,0.44,1138386,31185,1
783,0.25,0.31,-0.64,16.94,-78.56,-6.69,6.78,8.06,1.54,0.59,0.31,0.6,0.44,1138426,31225,1
784,0.25,0.31,-0.64,16.94,-78.56,-6.69,6.47,8.29,1.54,0.59,0.31,0.6,0.44,1138468,31267,1
785,0.25,0.31,-0.64,16.94,-78.56,-6.69,6.28,8.6,1.42,0.59,0.31,0.6,0.44,1138507,31306,1
786,0.25,0.31,-0.64,16.94,-78.56,-6.69,5.94,8.6,0.85,0.59,0.31,0.6,0.44,1138546,31345,1
787,0.03,0.06,-0.2,16.94,-78.56,-6.69,5.94,8.6,0.85,0.59,0.31,0.6,0.44,1138587,31386,1
788,-0.01,0.08,-0.19,16.94,-78.56,-6.69,5.94,8.6,0.85,0.59,0.31,0.6,0.44,1138627,31426,1
789,-0.01,0.08,-0.19,16.94,-78.56,-6.69,5.36,8.56,0.7,0.59,0.31,0.6,0.44,1138667,31466,1
790,-0.01,0.08,-0.19,16.94,-78.56,-6.69,5.44,8.41,0.62,0.59,0.31,0.6,0.44,1138707,31506,1
791,-0.01,0.08,-0.19,16.94,-78.56,-6.69,5.74,8.52,0.7,0.59,0.31,0.6,0.44,1138746,31545,1
792,0.04,-0.01,-0.18,16.94,-78.56,-6.69,5.74,8.52,0.7,0.59,0.31,0.6,0.44,1138787,31586,1
793,0.04,-0.01,-0.07,16.94,-78.56,-6.69,5.74,8.52,0.7,0.59,0.31,0.6,0.44,1138827,31626,1
794,0.04,-0.01,-0.07,16.94,-78.56,-6.69,5.86,8.1,0.89,0.59,0.31,0.6,0.44,1138869,31668,1
795,0.04,-0.01,-0.07,16.94,-78.56,-6.69,5.74,8.14,1.04,0.59,0.31,0.6,0.44,1138909,31708,1
796,0.04,-0.01,-0.07,16.94,-78.56,-6.69,5.48,8.1,0.93,0.59,0.31,0.6,0.44,1138948,31747,1
797,-0.01,-0.11,-0.03,16.94,-78.56,-6.69,5.48,8.1,0.93,0.59,0.31,0.6,0.44,1138988,31787,1
798,-0.01,-0.11,-0.03,16.94,-78.56,-6.69,5.63,8.29,0.89,0.59,0.31,0.6,0.44,1139030,31829,1
799,0.01,-0.02,-0.02,16.94,-78.56,-6.69,5.63,8.29,0.89,0.59,0.31,0.6,0.44,1139069,31868,1
800,0.01,-0.02,-0.02,16.94,-78.56,-6.69,5.67,8.48,1,0.59,0.31,0.6,0.44,1139109,31908,1
801,0.01,-0.02,-0.02,16.94,-78.56,-6.69,5.4,8.25,0.81,0.59,0.31,0.6,0.44,1139148,31947,1
802,0,0.04,-0.02,16.94,-78.56,-6.69,5.4,8.25,0.81,0.59,0.31,0.6,0.44,1139189,31988,1
803,-0.03,0.06,0.04,16.94,-78.56,-6.69,5.4,8.25,0.81,0.59,0.31,0.6,0.44,1139229,32028,1
804,-0.03,0.06,0.04,16.94,-78.56,-6.69,5.32,8.25,0.66,0.59,0.31,0.6,0.44,1139269,32068,1
805,-0.03,0.06,0.04,16.94,-78.56,-6.69,5.63,8.48,0.77,0.59,0.31,0.6,0.44,1139309,32108,1
806,-0.03,0.06,0.04,16.94,-78.56,-6.69,5.67,8.67,0.73,0.59,0.31,0.6,0.44,1139347,32146,1
807,-0.2,-0.23,0.26,16.94,-78.56,-6.69,5.67,8.67,0.73,0.59,0.31,0.6,0.44,1139387,32186,1
808,-0.2,-0.23,0.26,16.94,-78.56,-6.69,7.09,8.98,-0.07,0.59,0.31,0.6,0.44,1139428,32227,1
809,-0.2,-0.23,0.26,16.94,-78.56,-6.69,7.73,8.75,-0.11,0.59,0.31,0.6,0.44,1139469,32268,1