,Xg,Yg,Zg,Xm,Ym,Zm,Xa,Ya,Za,Xq,Yq,Zq,Direction,SensorTime,Time,Label
33,2.08,-0.82,0.04,8,-8.5,-3.56,-7.13,2.21,-0.46,0.12,0.65,0.14,0.74,14541,1269,W
34,2.08,-0.82,0.04,8,-8.5,-3.56,-7.85,2.36,0.76,0.12,0.65,0.14,0.74,14578,1306,W
35,0.64,0.16,-0.62,8,-8.5,-3.56,-7.85,2.36,0.76,0.12,0.65,0.14,0.74,14616,1344,W
36,0.64,0.16,-0.62,8,-8.5,-3.56,-8.04,2.93,1.41,0.12,0.65,0.14,0.74,14655,1383,W
37,0.64,0.16,-0.62,8,-8.5,-3.56,-8.2,3.59,1.99,0.12,0.65,0.14,0.74,14694,1422,W
38,0.64,0.16,-0.62,8,-8.5,-3.56,-8.27,4.73,0.5,0.12,0.65,0.14,0.74,14731,1459,W
39,0.65,0.47,-0.96,8,-8.5,-3.56,-8.27,4.73,0.5,0.12,0.65,0.14,0.74,14769,1497,W
40,0.65,0.47,-0.96,8,-8.5,-3.56,-8.58,6.5,3.06,0.12,0.65,0.14,0.74,14807,1535,W
41,0.65,0.47,-0.96,8,-8.5,-3.56,-6.93,7.72,3.14,0.12,0.65,0.14,0.74,14846,1574,W
42,0.65,0.47,-0.96,8,-8.5,-3.56,-8.58,4.89,1.95,0.12,0.65,0.14,0.74,14883,1611,W
43,-1.87,-0.33,0.97,8,-8.5,-3.56,-8.58,4.89,1.95,0.12,0.65,0.14,0.74,14921,1649,W
44,-0.01,-0.23,0.88,8,-8.5,-3.56,-8.58,4.89,1.95,0.12,0.65,0.14,0.74,14959,1687,W
45,-0.01,-0.23,0.88,8,-8.5,-3.56,-11,2.97,1.53,0.12,0.65,0.14,0.74,14999,1727,W
46,-0.01,-0.23,0.88,8,-8.5,-3.56,-9.58,3.39,1.64,0.12,0.65,0.14,0.74,15037,1765,W
47,-0.01,-0.23,0.88,3.88,-12.94,-10.38,-9.58,3.39,1.64,0.12,0.65,0.14,0.74,15074,1802,W
48,0.04,0,-0.03,3.88,-12.94,-10.38,-9.58,3.39,1.64,0.12,0.65,0.14,0.74,15114,1842,W
49,0.04,0,-0.03,3.88,-12.94,-10.38,-8.89,3.28,1.14,0.12,0.65,0.14,0.74,15154,1882,W
50,0.04,0,-0.03,3.88,-12.94,-10.38,-8.62,3.2,0.95,0.12,0.65,0.14,0.74,15194,1922,W
51,0.04,0,-0.03,3.88,-12.94,-10.38,-9.73,3.78,1.91,0.12,0.65,0.14,0.74,15232,1960,W
52,-0.01,-0.03,-0.04,3.88,-12.94,-10.38,-9.73,3.78,1.91,0.12,0.65,0.14,0.74,15270,1998,W
53,-0.01,-0.03,-0.04,3.88,-12.94,-10.38,-8.81,3.63,1.18,0.12,0.65,0.14,0.74,15310,2038,W
54,-0.01,-0.03,-0.04,3.88,-12.94,-10.38,-9.08,3.7,1.57,0.12,0.65,0.14,0.74,15350,2078,W
55,-0.01,-0.03,-0.04,3.88,-12.94,-10.38,-8.93,3.74,1.38,0.12,0.65,0.14,0.74,15390,2118,W
56,-0.01,-0.03,-0.04,3.88,-12.94,-10.38,-8.93,3.78,1.41,0.12,0.65,0.14,0.74,15428,2156,W
57,0.05,-0.01,0.04,3.88,-12.94,-10.38,-8.93,3.78,1.41,0.12,0.65,0.14,0.74,15468,2196,W
58,0.05,-0.01,0.04,3.88,-12.94,-10.38,-8.89,3.66,1.38,0.12,0.65,0.14,0.74,15507,2235,W
59,0.05,-0.01,0.04,3.88,-12.94,-10.38,-8.89,3.93,1.49,0.12,0.65,0.14,0.74,15547,2275,W
60,0.05,-0.01,0.04,3.88,-12.94,-10.38,-8.73,3.93,1.41,0.12,0.65,0.14,0.74,15584,2312,W
61,0.09,-0.06,0.21,3.88,-12.94,-10.38,-8.73,3.93,1.41,0.12,0.65,0.14,0.74,15624,2352,W
62,0.09,-0.06,0.21,3.88,-12.94,-10.38,-8.81,4.09,1.61,0.12,0.65,0.14,0.74,15664,2392,W
63,0.04,0.01,0.13,3.88,-12.94,-10.38,-8.81,4.09,1.61,0.12,0.65,0.14,0.74,15704,2432,W
64,0.04,0.01,0.13,3.88,-12.94,-10.38,-8.85,4.24,1.49,0.12,0.65,0.14,0.74,15742,2470,W
65,0.04,0.01,0.13,3.88,-12.94,-10.38,-8.7,4.16,1.41,0.12,0.65,0.14,0.74,15779,2507,W
66,-0.08,0.12,0.32,3.88,-12.94,-10.38,-8.7,4.16,1.41,0.12,0.65,0.14,0.74,15818,2546,W
67,-0.22,0.16,0.21,3.88,-12.94,-10.38,-8.7,4.16,1.41,0.12,0.65,0.14,0.74,15857,2585,W
68,-0.22,0.16,0.21,3.88,-12.94,-10.38,-8.96,4.39,1.14,0.12,0.65,0.14,0.74,15895,2623,W
69,-0.22,0.16,0.21,3.88,-12.94,-10.38,-9.16,4.43,1.49,0.12,0.65,0.14,0.74,15933,2661,W
70,0.29,-0.21,1.47,3.88,-12.94,-10.38,-9.16,4.43,1.49,0.12,0.65,0.14,0.74,15974,2702,W
71,0.15,0.25,3.53,3.88,-12.94,-10.38,-9.16,4.43,1.49,0.12,0.65,0.14,0.74,16013,2741,W
72,0.15,0.25,3.53,3.88,-12.94,-10.38,-15.71,6.34,-1.11,0.12,0.65,0.14,0.74,16052,2780,W
73,0.15,0.25,3.53,3.88,-12.94,-10.38,-16.2,1.75,-3.34,0.12,0.65,0.14,0.74,16092,2820,W
74,0.15,0.25,3.53,3.88,-12.94,-10.38,-8.96,5.73,2.49,0.12,0.65,0.14,0.74,16131,2859,W
75,0.39,-0.73,0.64,3.88,-12.94,-10.38,-8.96,5.73,2.49,0.12,0.65,0.14,0.74,16168,2896,W
76,0.59,-0.71,-0.24,3.88,-12.94,-10.38,-8.96,5.73,2.49,0.12,0.65,0.14,0.74,16207,2935,W
77,0.59,-0.71,-0.24,3.88,-12.94,-10.38,-5.86,3.7,1.45,0.12,0.65,0.14,0.74,16246,2974,W
78,0.59,-0.71,-0.24,3.88,-12.94,-10.38,-6.4,4.16,1.72,0.12,0.65,0.14,0.74,16285,3013,W
79,0.78,-0.89,-1.68,3.88,-12.94,-10.38,-6.4,4.16,1.72,0.12,0.65,0.14,0.74,16325,3053,W
80,0.25,-0.55,-1.61,3.88,-12.94,-10.38,-6.4,4.16,1.72,0.12,0.65,0.14,0.74,16365,3093,W
81,0.25,-0.55,-1.61,3.88,-12.94,-10.38,-5.79,5.31,-1.07,0.12,0.65,0.14,0.74,16404,3132,W
82,0.25,-0.55,-1.61,3.88,-12.94,-10.38,-5.06,6.34,-0.46,0.12,0.65,0.14,0.74,16446,3174,W
83,0.25,-0.55,-1.61,3.88,-12.94,-10.38,-6.17,7,-1.11,0.12,0.65,0.14,0.74,16484,3212,W
84,0.12,0.54,-1.54,3.88,-12.94,-10.38,-6.17,7,-1.11,0.12,0.65,0.14,0.74,16524,3252,W
85,0.12,0.54,-1.54,3.88,-12.94,-10.38,-6.89,7.68,0.53,0.12,0.65,0.14,0.74,16565,3293,W
86,-0.17,0.36,-1.96,3.88,-12.94,-10.38,-6.89,7.68,0.53,0.12,0.65,0.14,0.74,16604,3332,W
87,-0.17,0.36,-1.96,3.88,-12.94,-10.38,-6.74,8.41,1.11,0.12,0.65,0.14,0.74,16644,3372,W
88,-0.17,0.36,-1.96,3.88,-12.94,-10.38,-6.86,13.05,3.41,0.12,0.65,0.14,0.74,16681,3409,W
89,-2.86,-0.16,0.3,3.88,-12.94,-10.38,-6.86,13.05,3.41,0.12,0.65,0.14,0.74,16723,3451,W
90,-0.82,-1.11,1.51,3.88,-12.94,-10.38,-6.86,13.05,3.41,0.12,0.65,0.14,0.74,16763,3491,W
91,-0.82,-1.11,1.51,3.88,-12.94,-10.38,-8.01,3.7,2.71,0.12,0.65,0.14,0.74,16804,3532,W
92,-0.82,-1.11,1.51,3.88,-12.94,-10.38,-8.85,4.62,-0.43,0.12,0.65,0.14,0.74,16844,3572,W
93,-0.82,-1.11,1.51,3.88,-12.94,-10.38,-8.77,3.74,2.07,0.12,0.65,0.14,0.74,16883,3611,W
94,0.17,-0.02,0.1,3.88,-12.94,-10.38,-8.77,3.74,2.07,0.12,0.65,0.14,0.74,16923,3651,W
95,-0.04,-0.07,0.07,3.88,-12.94,-10.38,-8.77,3.74,2.07,0.12,0.65,0.14,0.74,16962,3690,W
96,-0.04,-0.07,0.07,3.88,-12.94,-10.38,-8.7,3.82,1.03,0.12,0.65,0.14,0.74,17003,3731,W
97,-0.04,-0.07,0.07,3.88,-12.94,-10.38,-9,3.78,1.61,0.12,0.65,0.14,0.74,17043,3771,W
98,-0.04,-0.07,0.07,3.88,-12.94,-10.38,-9.12,3.78,1.18,0.12,0.65,0.14,0.74,17081,3809,W
99,0.07,-0.09,0.04,3.88,-12.94,-10.38,-9.12,3.78,1.18,0.12,0.65,0.14,0.74,17121,3849,W
100,0.07,-0.09,0.04,3.88,-12.94,-10.38,-8.7,3.89,1.61,0.12,0.65,0.14,0.74,17161,3889,W
101,0.04,-0.06,0,3.88,-12.94,-10.38,-8.7,3.89,1.61,0.12,0.65,0.14,0.74,17199,3927,W
102,0.04,-0.06,0,3.88,-12.94,-10.38,-8.85,3.89,1.64,0.12,0.65,0.14,0.74,17238,3966,W
103,0.04,-0.06,0,3.88,-12.94,-10.38,-8.39,3.97,1.68,0.12,0.65,0.14,0.74,17275,4003,W
104,0.04,-0.06,0,3.88,-12.94,-10.38,-9.81,3.7,1.26,0.12,0.65,0.14,0.74,17315,4043,W
105,0.04,-0.06,0,3.88,-12.94,-10.38,-12.68,4.51,1.14,0.12,0.65,0.14,0.74,17354,4082,W
106,0.04,-0.06,0,3.88,-12.94,-10.38,-18.58,8.14,-0.23,0.12,0.65,0.14,0.74,17395,4123,W
107,0.04,-0.06,0,3.88,-12.94,-10.38,-24.55,3.24,-0.88,0.12,0.65,0.14,0.74,17434,4162,W
108,-0.69,-1.81,1.65,3.88,-12.94,-10.38,-24.55,3.24,-0.88,0.12,0.65,0.14,0.74,17476,4204,W
109,-0.36,-0.28,1.1,3.88,-12.94,-10.38,-24.55,3.24,-0.88,0.12,0.65,0.14,0.74,17516,4244,W
110,-0.36,-0.28,1.1,3.88,-12.94,-10.38,-4.48,-0.44,0.46,0.12,0.65,0.14,0.74,17556,4284,W
111,-0.36,-0.28,1.1,3.88,-12.94,-10.38,-5.17,-1.36,1.38,0.12,0.65,0.14,0.74,17596,4324,W
112,-0.36,-0.28,1.1,3.88,-12.94,-10.38,-5.55,-1.85,2.26,0.12,0.65,0.14,0.74,17635,4363,W
113,0.18,0.58,-2.74,3.88,-12.94,-10.38,-5.55,-1.85,2.26,0.12,0.65,0.14,0.74,17675,4403,W
114,-0.73,0.72,-3.55,3.88,-12.94,-10.38,-5.55,-1.85,2.26,0.12,0.65,0.14,0.74,17715,4443,W
115,-0.73,0.72,-3.55,3.88,-12.94,-10.38,-6.66,4.12,1.38,0.12,0.65,0.14,0.74,17756,4484,W
116,-0.73,0.72,-3.55,3.88,-12.94,-10.38,-9.73,10.1,-0.35,0.12,0.65,0.14,0.74,17795,4523,W
117,-0.73,0.72,-3.55,3.88,-12.94,-10.38,-10.46,18.68,1.49,0.12,0.65,0.14,0.74,17833,4561,W
118,0.71,0.54,-2.47,3.88,-12.94,-10.38,-10.46,18.68,1.49,0.12,0.65,0.14,0.74,17874,4602,W
119,0.71,0.54,-2.47,3.88,-12.94,-10.38,-7.28,15.2,2.95,0.12,0.65,0.14,0.74,17915,4643,W
120,0.25,-1.56,2.38,3.88,-12.94,-10.38,-7.28,15.2,2.95,0.12,0.65,0.14,0.74,17954,4682,W
121,0.25,-1.56,2.38,3.88,-12.94,-10.38,-13.52,9.29,3.33,0.12,0.65,0.14,0.74,17994,4722,W
122,0.25,-1.56,2.38,3.88,-12.94,-10.38,-11.57,3.28,2.45,0.12,0.65,0.14,0.74,18032,4760,W
123,-0.57,-0.07,-0.24,3.88,-12.94,-10.38,-11.57,3.28,2.45,0.12,0.65,0.14,0.74,18073,4801,W
124,0.28,-0.11,0.4,3.88,-12.94,-10.38,-11.57,3.28,2.45,0.12,0.65,0.14,0.74,18114,4842,W
125,0.28,-0.11,0.4,3.88,-12.94,-10.38,-9.46,3.32,2.14,0.12,0.65,0.14,0.74,18154,4882,W
126,0.28,-0.11,0.4,3.88,-12.94,-10.38,-8.66,3.86,0.76,0.12,0.65,0.14,0.74,18194,4922,W
127,0.28,-0.11,0.4,3.88,-12.94,-10.38,-9,3.39,1.61,0.12,0.65,0.14,0.74,18232,4960,W
128,0.02,0.01,0.02,3.88,-12.94,-10.38,-9,3.39,1.61,0.12,0.65,0.14,0.74,18271,4999,W
129,0.02,0.01,0.02,3.88,-12.94,-10.38,-9,3.55,1.38,0.12,0.65,0.14,0.74,18310,5038,W
130,0.02,0.01,0.02,3.88,-12.94,-10.38,-9.23,3.51,1.53,0.12,0.65,0.14,0.74,18349,5077,W
131,0.02,0.01,0.02,3.88,-12.94,-10.38,-8.89,3.51,1.38,0.12,0.65,0.14,0.74,18386,5114,W
132,0.02,0.01,0.02,3.88,-12.94,-10.38,-9,3.51,1.53,0.12,0.65,0.14,0.74,18423,5151,W
133,-0.03,-0.01,-0.02,3.88,-12.94,-10.38,-9,3.51,1.53,0.12,0.65,0.14,0.74,18462,5190,W
134,-0.03,-0.01,-0.02,3.88,-12.94,-10.38,-9,3.51,1.34,0.12,0.65,0.14,0.74,18503,5231,W
135,-0.03,-0.01,-0.02,3.88,-12.94,-10.38,-8.89,3.51,1.41,0.12,0.65,0.14,0.74,18544,5272,W
136,-0.03,-0.01,-0.02,3.88,-12.94,-10.38,-9.04,3.66,1.57,0.12,0.65,0.14,0.74,18582,5310,W
137,0,-0.04,0.27,3.88,-12.94,-10.38,-9.04,3.66,1.57,0.12,0.65,0.14,0.74,18622,5350,W
138,0,-0.04,0.27,3.88,-12.94,-10.38,-10.04,4.01,0.46,0.12,0.65,0.14,0.74,18663,5391,W
139,0.22,-0.14,3.51,3.88,-12.94,-10.38,-10.04,4.01,0.46,0.12,0.65,0.14,0.74,18704,5432,W
140,0.22,-0.14,3.51,3.88,-12.94,-10.38,-13.1,7.34,-0.46,0.12,0.65,0.14,0.74,18743,5471,W
141,0.22,-0.14,3.51,3.88,-12.94,-10.38,-13.02,5.89,0.04,0.12,0.65,0.14,0.74,18782,5510,W
142,-0.04,3.24,0.46,3.88,-12.94,-10.38,-13.02,5.89,0.04,0.12,0.65,0.14,0.74,18823,5551,W
143,-0.7,0.44,-2.55,3.88,-12.94,-10.38,-0.31,3.28,2.22,0.12,0.65,0.14,0.74,18903,5631,W
144,-0.7,0.44,-2.55,3.88,-12.94,-10.38,0,2.67,1.03,0.12,0.65,0.14,0.74,18944,5672,W
145,-0.7,0.44,-2.55,3.88,-12.94,-10.38,-3.29,3.86,2.98,0.12,0.65,0.14,0.74,18981,5709,W
146,0.25,0.4,-1.77,3.88,-12.94,-10.38,-3.29,3.86,2.98,0.12,0.65,0.14,0.74,19021,5749,W
147,-0.06,0.4,-1.25,3.88,-12.94,-10.38,-3.29,3.86,2.98,0.12,0.65,0.14,0.74,19060,5788,W
148,-0.06,0.4,-1.25,3.88,-12.94,-10.38,-8.46,8.57,0.23,0.12,0.65,0.14,0.74,19101,5829,W
149,-0.06,0.4,-1.25,3.88,-12.94,-10.38,-6.51,7.72,1.76,0.12,0.65,0.14,0.74,19140,5868,W
150,-0.06,0.4,-1.25,3.88,-12.94,-10.38,-7.78,8.03,-1.46,0.12,0.65,0.14,0.74,19179,5907,W
151,2.67,-4.59,2.49,3.88,-12.94,-10.38,-7.78,8.03,-1.46,0.12,0.65,0.14,0.74,19219,5947,W
152,2.67,-4.59,2.49,3.88,-12.94,-10.38,-11.76,1.14,9.73,0.12,0.65,0.14,0.74,19259,5987,W
153,0.61,0.29,0.6,3.88,-12.94,-10.38,-11.76,1.14,9.73,0.12,0.65,0.14,0.74,19298,6026,W
154,0.61,0.29,0.6,3.88,-12.94,-10.38,-10.73,4.05,2.56,0.12,0.65,0.14,0.74,19336,6064,T
155,0.61,0.29,0.6,-5.31,-22.69,-10.63,-10.73,4.05,2.56,0.12,0.65,0.14,0.74,19374,6102,T
156,0.61,0.29,0.6,-5.31,-22.69,-10.63,-8.5,3.63,1.41,0.12,0.65,0.14,0.74,19414,6142,T
157,-0.11,-0.06,0.09,-5.31,-22.69,-10.63,-8.5,3.63,1.41,0.12,0.65,0.14,0.74,19453,6181,T
158,-0.11,-0.06,0.09,-5.31,-22.69,-10.63,-9.23,3.63,1.45,0.12,0.65,0.14,0.74,19493,6221,T
159,-0.11,-0.06,0.09,-5.31,-22.69,-10.63,-8.73,3.74,1.38,0.12,0.65,0.14,0.74,19532,6260,T
160,0.04,-0.05,0.01,-5.31,-22.69,-10.63,-8.73,3.74,1.38,0.12,0.65,0.14,0.74,19573,6301,T
161,-0.02,-0.02,0,-5.31,-22.69,-10.63,-8.73,3.74,1.38,0.12,0.65,0.14,0.74,19613,6341,T
162,-0.02,-0.02,0,-5.31,-22.69,-10.63,-8.96,3.7,1.34,0.12,0.65,0.14,0.74,19654,6382,T
163,-0.02,-0.02,0,-5.31,-22.69,-10.63,-8.85,3.59,1.49,0.12,0.65,0.14,0.74,19695,6423,T
164,-0.02,-0.02,0,-5.31,-22.69,-10.63,-9.04,3.7,1.49,0.12,0.65,0.14,0.74,19734,6462,T
165,-0.01,-0.01,-0.04,-5.31,-22.69,-10.63,-9.04,3.7,1.49,0.12,0.65,0.14,0.74,19774,6502,T
166,0.02,-0.03,0.05,-5.31,-22.69,-10.63,-9.04,3.7,1.49,0.12,0.65,0.14,0.74,19814,6542,T
167,0.02,-0.03,0.05,-5.31,-22.69,-10.63,-8.96,3.74,1.49,0.12,0.65,0.14,0.74,19855,6583,T
168,0.02,-0.03,0.05,-5.31,-22.69,-10.63,-8.85,3.7,1.41,0.12,0.65,0.14,0.74,19894,6622,T
169,0.02,-0.03,0.05,-5.31,-22.69,-10.63,-9,3.74,1.49,0.12,0.65,0.14,0.74,19932,6660,T
170,-0.03,0.01,-0.06,-5.31,-22.69,-10.63,-9,3.74,1.49,0.12,0.65,0.14,0.74,19972,6700,T
171,-0.03,0.01,-0.06,-5.31,-22.69,-10.63,-8.85,3.7,1.38,0.12,0.65,0.14,0.74,20014,6742,T
172,-0.02,0.01,-0.04,-5.31,-22.69,-10.63,-8.85,3.7,1.38,0.12,0.65,0.14,0.74,20054,6782,T
173,-0.02,0.01,-0.04,-5.31,-22.69,-10.63,-8.89,3.7,1.38,0.12,0.65,0.14,0.74,20094,6822,T
174,-0.02,0.01,-0.04,-5.31,-22.69,-10.63,-8.93,3.74,1.49,0.12,0.65,0.14,0.74,20132,6860,T
175,0.01,0,-0.01,-5.31,-22.69,-10.63,-8.93,3.74,1.49,0.12,0.65,0.14,0.74,20173,6901,T
176,0.01,-0.01,0,-5.31,-22.69,-10.63,-8.93,3.74,1.49,0.12,0.65,0.14,0.74,20213,6941,T
177,0.01,-0.01,0,-5.31,-22.69,-10.63,-8.93,3.74,1.45,0.12,0.65,0.14,0.74,20253,6981,T
178,0.01,-0.01,0,-5.31,-22.69,-10.63,-8.89,3.7,1.49,0.12,0.65,0.14,0.74,20293,7021,T
179,0.01,-0.01,0,-5.31,-22.69,-10.63,-8.85,3.7,1.49,0.12,0.65,0.14,0.74,20331,7059,T
180,0,0,-0.03,-5.31,-22.69,-10.63,-8.85,3.7,1.49,0.12,0.65,0.14,0.74,20371,7099,T
181,0,0,-0.03,-5.31,-22.69,-10.63,-8.93,3.7,1.45,0.12,0.65,0.14,0.74,20411,7139,T
182,0,0,-0.03,-5.31,-22.69,-10.63,-8.93,3.7,1.45,0.12,0.65,0.14,0.74,20452,7180,T
183,0,0,-0.03,-5.31,-22.69,-10.63,-8.89,3.7,1.49,0.12,0.65,0.14,0.74,20492,7220,T
184,0,0,-0.03,-5.31,-22.69,-10.63,-9,3.66,1.45,0.12,0.65,0.14,0.74,20530,7258,T
185,0.01,0.01,-0.05,-5.31,-22.69,-10.63,-9,3.66,1.45,0.12,0.65,0.14,0.74,20571,7299,W
186,0,0.02,-0.07,-5.31,-22.69,-10.63,-9,3.66,1.45,0.12,0.65,0.14,0.74,20611,7339,W
187,0,0.02,-0.07,-5.31,-22.69,-10.63,-8.89,3.59,1.41,0.12,0.65,0.14,0.74,20649,7377,W
188,0,0.02,-0.07,-5.31,-22.69,-10.63,-8.93,3.55,1.53,0.12,0.65,0.14,0.74,20690,7418,W
189,0,0.02,-0.07,-5.31,-22.69,-10.63,-8.93,3.59,1.49,0.12,0.65,0.14,0.74,20728,7456,W
190,0.16,-0.09,-0.08,-5.31,-22.69,-10.63,-8.93,3.59,1.49,0.12,0.65,0.14,0.74,20769,7497,W
191,0.05,0,-0.07,-5.31,-22.69,-10.63,-8.93,3.59,1.49,0.12,0.65,0.14,0.74,20809,7537,W
192,0.05,0,-0.07,-5.31,-22.69,-10.63,-9,3.43,1.68,0.12,0.65,0.14,0.74,20850,7578,W
193,0.05,0,-0.07,-5.31,-22.69,-10.63,-9.08,3.51,1.61,0.12,0.65,0.14,0.74,20890,7618,W
194,0.05,0,-0.07,-5.31,-22.69,-10.63,-8.96,3.51,1.49,0.12,0.65,0.14,0.74,20928,7656,W
195,-0.02,0.01,0.02,-5.31,-22.69,-10.63,-8.96,3.51,1.49,0.12,0.65,0.14,0.74,20967,7695,W
196,-0.02,0.01,0.02,-5.31,-22.69,-10.63,-9.2,3.59,1.53,0.12,0.65,0.14,0.74,21006,7734,W
197,-0.02,0.01,0.02,-5.31,-22.69,-10.63,-8.93,3.47,1.49,0.12,0.65,0.14,0.74,21046,7774,W
198,-0.02,0.01,0.02,-5.31,-22.69,-10.63,-9.2,3.51,1.53,0.12,0.65,0.14,0.74,21085,7813,W
199,-0.02,0.01,0.02,-5.19,-22.06,-11.69,-9.2,3.51,1.53,0.12,0.65,0.14,0.74,21123,7851,W
200,-0.02,0.01,0.02,-5.19,-22.06,-11.69,-9.23,3.51,1.41,0.12,0.65,0.14,0.74,21164,7892,W
201,-0.03,-0.14,0.15,-5.19,-22.06,-11.69,-9.23,3.51,1.41,0.12,0.65,0.14,0.74,21203,7931,W
202,-0.03,-0.14,0.15,-5.19,-22.06,-11.69,-8.58,3.86,1.68,0.12,0.65,0.14,0.74,21243,7971,W
203,-0.03,-0.14,0.15,-5.19,-22.06,-11.69,-9.39,4.89,2.3,0.12,0.65,0.14,0.74,21282,8010,W
204,-2.23,0.97,-1.11,-5.19,-22.06,-11.69,-9.39,4.89,2.3,0.12,0.65,0.14,0.74,21323,8051,W
205,-7.78,1.96,-0.58,-5.19,-22.06,-11.69,-9.39,4.89,2.3,0.12,0.65,0.14,0.74,21363,8091,W
206,-7.78,1.96,-0.58,-5.19,-22.06,-11.69,-7.05,8.22,0.19,0.12,0.65,0.14,0.74,21403,8131,W
207,-7.78,1.96,-0.58,-5.19,-22.06,-11.69,-3.98,7.65,-0.39,0.12,0.65,0.14,0.74,21443,8171,W
208,-7.78,1.96,-0.58,-5.19,-22.06,-11.69,-8.93,3.74,-0.88,0.12,0.65,0.14,0.74,21483,8211,W
209,-1.74,0.3,0.89,-5.19,-22.06,-11.69,-8.93,3.74,-0.88,0.12,0.65,0.14,0.74,21524,8252,W
210,-1.67,-0.31,0.75,-5.19,-22.06,-11.69,-8.93,3.74,-0.88,0.12,0.65,0.14,0.74,21563,8291,W
211,-1.67,-0.31,0.75,-5.19,-22.06,-11.69,-9.43,4.93,0.88,0.12,0.65,0.14,0.74,21604,8332,W
212,-1.67,-0.31,0.75,-5.19,-22.06,-11.69,-9.69,5.39,0.34,0.12,0.65,0.14,0.74,21644,8372,W
213,-1.67,-0.31,0.75,-5.19,-22.06,-11.69,-8.85,4.62,-2.61,0.12,0.65,0.14,0.74,21683,8411,W
214,-3.54,1.31,0.69,-5.19,-22.06,-11.69,-8.85,4.62,-2.61,0.12,0.65,0.14,0.74,21724,8452,W
215,-3.54,1.31,0.69,-5.19,-22.06,-11.69,-9.08,2.74,-2.72,0.12,0.65,0.14,0.74,21765,8493,W
216,-2.47,1.35,0.35,-5.19,-22.06,-11.69,-9.08,2.74,-2.72,0.12,0.65,0.14,0.74,21804,8532,W
217,-2.47,1.35,0.35,-5.19,-22.06,-11.69,-8.39,3.36,-2.15,0.12,0.65,0.14,0.74,21843,8571,W
218,-2.47,1.35,0.35,-5.19,-22.06,-11.69,-9,3.32,-2.11,0.12,0.65,0.14,0.74,21882,8610,W
219,-1.58,0.33,0.78,-5.19,-22.06,-11.69,-9,3.32,-2.11,0.12,0.65,0.14,0.74,21922,8650,W
220,0.62,-0.84,-0.63,-5.19,-22.06,-11.69,-9,3.32,-2.11,0.12,0.65,0.14,0.74,21963,8691,W
221,0.62,-0.84,-0.63,-5.19,-22.06,-11.69,-7.05,3.59,3.18,0.12,0.65,0.14,0.74,22003,8731,W
222,0.62,-0.84,-0.63,-5.19,-22.06,-11.69,-7.82,2.63,2.49,0.12,0.65,0.14,0.74,22045,8773,W
223,0.62,-0.84,-0.63,-5.19,-22.06,-11.69,-8.89,3.66,2.3,0.12,0.65,0.14,0.74,22083,8811,W
224,0.06,-0.21,0.05,-5.19,-22.06,-11.69,-8.89,3.66,2.3,0.12,0.65,0.14,0.74,22124,8852,W
225,0.06,-0.21,0.05,-5.19,-22.06,-11.69,-9.65,3.63,1.61,0.12,0.65,0.14,0.74,22163,8891,W
226,0.06,-0.21,0.05,-5.19,-22.06,-11.69,-9.27,3.39,1.68,0.12,0.65,0.14,0.74,22204,8932,W
227,0.06,-0.21,0.05,-5.19,-22.06,-11.69,-9.04,3.2,1.61,0.12,0.65,0.14,0.74,22243,8971,W
228,0.06,-0.21,0.05,-5.19,-22.06,-11.69,-9.31,3.39,1.57,0.12,0.65,0.14,0.74,22282,9010,W
229,0,-0.02,0.08,-5.19,-22.06,-11.69,-9.31,3.39,1.57,0.12,0.65,0.14,0.74,22323,9051,W
230,0.05,0,0.06,-5.19,-22.06,-11.69,-9.31,3.39,1.57,0.12,0.65,0.14,0.74,22363,9091,W
231,0.05,0,0.06,-5.19,-22.06,-11.69,-9,3.28,1.68,0.12,0.65,0.14,0.74,22403,9131,W
232,0.05,0,0.06,-5.19,-22.06,-11.69,-9.04,3.32,1.64,0.12,0.65,0.14,0.74,22441,9169,W
233,0.05,0,0.06,-5.19,-22.06,-11.69,-8.96,3.36,1.53,0.12,0.65,0.14,0.74,22479,9207,W
234,0.01,-0.06,0.18,-5.19,-22.06,-11.69,-8.96,3.36,1.53,0.12,0.65,0.14,0.74,22518,9246,W
235,-0.03,-0.09,0.34,-5.19,-22.06,-11.69,-8.96,3.36,1.53,0.12,0.65,0.14,0.74,22558,9286,W
236,-0.03,-0.09,0.34,-5.19,-22.06,-11.69,-8.89,3.74,1.61,0.12,0.65,0.14,0.74,22598,9326,W
237,-0.03,-0.09,0.34,-5.19,-22.06,-11.69,-8.93,3.66,1.61,0.12,0.65,0.14,0.74,22639,9367,W
238,-0.03,-0.09,0.34,-5.19,-22.06,-11.69,-9.43,4.09,1.68,0.12,0.65,0.14,0.74,22678,9406,W
239,-0.02,0.14,0.88,-5.19,-22.06,-11.69,-9.43,4.09,1.68,0.12,0.65,0.14,0.74,22718,9446,W
240,-0.02,0.14,0.88,-5.19,-22.06,-11.69,-9.12,4.35,0.8,0.12,0.65,0.14,0.74,22757,9485,W
241,0.03,0.19,3.57,-5.19,-22.06,-11.69,-9.12,4.35,0.8,0.12,0.65,0.14,0.74,22796,9524,W
242,0.03,0.19,3.57,-5.19,-22.06,-11.69,-12.87,8.38,-1,0.12,0.65,0.14,0.74,22835,9563,W
243,0.03,0.19,3.57,43,-13.06,1.56,-12.87,8.38,-1,0.12,0.65,0.14,0.74,22874,9602,W
244,0.03,0.19,3.57,43,-13.06,1.56,-12.26,4.62,1.53,0.12,0.65,0.14,0.74,22913,9641,W
245,0.03,0.19,3.57,43,-13.06,1.56,-18.27,2.59,-1.19,0.12,0.65,0.14,0.74,22951,9679,W
246,0.03,0.19,3.57,43,-13.06,1.56,-4.21,-0.78,1.45,0.12,0.65,0.14,0.74,22990,9718,W
247,0.03,0.19,3.57,43,-13.06,1.56,-3.26,2.32,-1.15,0.12,0.65,0.14,0.74,23028,9756,W
248,-0.54,0.89,-2.44,43,-13.06,1.56,-3.26,2.32,-1.15,0.12,0.65,0.14,0.74,23067,9795,W
249,-0.54,0.89,-2.44,43,-13.06,1.56,-8.01,4.47,3.79,0.12,0.65,0.14,0.74,23107,9835,W
250,-0.16,0.41,-3.16,43,-13.06,1.56,-8.01,4.47,3.79,0.12,0.65,0.14,0.74,23146,9874,W
251,-0.16,0.41,-3.16,43,-13.06,1.56,-11.07,7.15,2.52,0.12,0.65,0.14,0.74,23184,9912,W
252,-0.16,0.41,-3.16,32.25,4.06,12.56,-11.07,7.15,2.52,0.12,0.65,0.14,0.74,23223,9951,W
253,-0.16,0.41,-3.16,32.25,4.06,12.56,-9.5,12.36,0.88,0.12,0.65,0.14,0.74,23263,9991,W
254,-0.91,0.11,-1.62,32.25,4.06,12.56,-9.5,12.36,0.88,0.12,0.65,0.14,0.74,23302,10030,W
255,-0.91,0.11,-1.62,32.25,4.06,12.56,-8.89,15.88,-1.07,0.12,0.65,0.14,0.74,23342,10070,W
256,-0.91,0.11,-1.62,32.25,4.06,12.56,-2.3,5.73,2.18,0.12,0.65,0.14,0.74,23379,10107,W
257,0.47,0.39,1.53,32.25,4.06,12.56,-2.3,5.73,2.18,0.12,0.65,0.14,0.74,23419,10147,W
258,0.42,-0.41,1.36,32.25,4.06,12.56,-2.3,5.73,2.18,0.12,0.65,0.14,0.74,23457,10185,W
259,0.42,-0.41,1.36,32.25,4.06,12.56,-9.5,3.01,2.49,0.12,0.65,0.14,0.74,23495,10223,W
260,0.42,-0.41,1.36,32.25,4.06,12.56,-9.43,3.78,1.57,0.12,0.65,0.14,0.74,23533,10261,W
261,0.42,-0.41,1.36,35.31,9.75,18,-9.43,3.78,1.57,0.12,0.65,0.14,0.74,23571,10299,W
262,0.03,-0.04,0.21,35.31,9.75,18,-9.43,3.78,1.57,0.12,0.65,0.14,0.74,23610,10338,W
263,-0.04,0.02,0.07,35.31,9.75,18,-9.43,3.78,1.57,0.12,0.65,0.14,0.74,23649,10377,W
264,-0.04,0.02,0.07,35.31,9.75,18,-9.12,3.24,1.61,0.12,0.65,0.14,0.74,23687,10415,W
265,-0.04,0.02,0.07,35.31,9.75,18,-9.08,3.32,1.49,0.12,0.65,0.14,0.74,23724,10452,W
266,-0.04,0.02,0.07,35.31,9.75,18,-8.81,3.2,1.53,0.12,0.65,0.14,0.74,23762,10490,W
267,0.08,0.08,0.05,35.31,9.75,18,-8.81,3.2,1.53,0.12,0.65,0.14,0.74,23801,10529,W
268,0.08,0.08,0.05,35.31,9.75,18,-9.04,3.32,1.41,0.12,0.65,0.14,0.74,23840,10568,W
269,0.08,0.08,0.05,35.31,9.75,18,-9.2,3.32,1.45,0.12,0.65,0.14,0.74,23876,10604,W
270,-0.05,0.12,0.26,35.31,9.75,18,-9.2,3.32,1.45,0.12,0.65,0.14,0.74,23915,10643,W
271,-0.03,-0.03,0.2,35.31,9.75,18,-9.2,3.32,1.45,0.12,0.65,0.14,0.74,23953,10681,W
272,-0.03,-0.03,0.2,35.31,9.75,18,-9.54,3.59,1.3,0.12,0.65,0.14,0.74,23992,10720,W
273,-0.03,-0.03,0.2,35.31,9.75,18,-9.04,3.78,1.3,0.12,0.65,0.14,0.74,24029,10757,W
274,-0.11,0.13,0.99,35.31,9.75,18,-9.04,3.78,1.3,0.12,0.65,0.14,0.74,24068,10796,W
275,-0.11,0.13,0.99,35.31,9.75,18,-9.62,4.47,1.57,0.12,0.65,0.14,0.74,24107,10835,W
276,0.1,0.1,4.39,35.31,9.75,18,-9.62,4.47,1.57,0.12,0.65,0.14,0.74,24144,10872,W
277,0.1,0.1,4.39,35.31,9.75,18,-15.44,8.26,-0.73,0.12,0.65,0.14,0.74,24181,10909,W
278,0.69,-0.4,5.75,35.31,9.75,18,-15.44,8.26,-0.73,0.12,0.65,0.14,0.74,24219,10947,W
279,0.69,-0.4,5.75,35.31,9.75,18,-17.93,3.7,0.72,0.12,0.65,0.14,0.74,24260,10988,W
280,0.18,0.94,-2.54,35.31,9.75,18,-17.93,3.7,0.72,0.12,0.65,0.14,0.74,24299,11027,W
281,0.18,0.94,-2.54,35.31,9.75,18,-0.65,0.83,-0.62,0.12,0.65,0.14,0.74,24338,11066,W
282,0.18,0.94,-2.54,35.31,9.75,18,-7.39,1.55,1.34,0.12,0.65,0.14,0.74,24375,11103,W
283,0.09,-0.41,-2.76,35.31,9.75,18,-7.39,1.55,1.34,0.12,0.65,0.14,0.74,24414,11142,W
284,0.09,-0.41,-2.76,35.31,9.75,18,-6.21,3.09,-0.16,0.12,0.65,0.14,0.74,24454,11182,W
285,0.09,-0.41,-2.76,35.31,9.75,18,-7.36,6.73,1.45,0.12,0.65,0.14,0.74,24493,11221,W
286,0.09,-0.41,-2.76,35.31,9.75,18,-8.5,7.72,0.5,0.12,0.65,0.14,0.74,24529,11257,W
287,-0.66,1.47,-2.82,35.31,9.75,18,-8.5,7.72,0.5,0.12,0.65,0.14,0.74,24568,11296,W
288,-0.66,1.47,-2.82,35.31,9.75,18,-10.65,12.74,0.11,0.12,0.65,0.14,0.74,24607,11335,W
289,-0.76,0.05,-1.22,35.31,9.75,18,-10.65,12.74,0.11,0.12,0.65,0.14,0.74,24646,11374,W
290,-0.76,0.05,-1.22,35.31,9.75,18,-8.08,14.16,1.95,0.12,0.65,0.14,0.74,24685,11413,W
291,-0.76,0.05,-1.22,35.31,9.75,18,-6.17,-2.54,4.17,0.12,0.65,0.14,0.74,24723,11451,W
292,-0.76,0.05,-1.22,35.31,9.75,18,-10.96,4.96,0.61,0.12,0.65,0.14,0.74,24763,11491,W
293,-0.04,-0.36,-0.05,35.31,9.75,18,-10.96,4.96,0.61,0.12,0.65,0.14,0.74,24803,11531,W
294,-0.04,-0.36,-0.05,35.31,9.75,18,-8.12,3.55,0.88,0.12,0.65,0.14,0.74,24843,11571,W
295,-0.04,-0.36,-0.05,35.31,9.75,18,-8.58,2.74,0.42,0.12,0.65,0.14,0.74,24880,11608,W
296,0.1,-0.15,0.05,35.31,9.75,18,-8.58,2.74,0.42,0.12,0.65,0.14,0.74,24921,11649,W
297,-0.01,-0.06,0.03,35.31,9.75,18,-8.58,2.74,0.42,0.12,0.65,0.14,0.74,24958,11686,W
298,-0.01,-0.06,0.03,35.31,9.75,18,-9.31,3.09,1.64,0.12,0.65,0.14,0.74,24997,11725,W
299,-0.01,-0.06,0.03,35.31,9.75,18,-9.16,3.09,1.45,0.12,0.65,0.14,0.74,25035,11763,W
300,-0.01,-0.06,0.03,35.31,9.75,18,-8.96,3.16,1.38,0.12,0.65,0.14,0.74,25072,11800,W
301,-0.01,-0.06,0.03,35.31,9.75,18,-9.65,3.01,1.53,0.12,0.65,0.14,0.74,25112,11840,W
302,0.07,-0.04,0.07,35.31,9.75,18,-9.65,3.01,1.53,0.12,0.65,0.14,0.74,25151,11879,W
303,0.07,-0.04,0.07,35.31,9.75,18,-9.04,3.2,1.53,0.12,0.65,0.14,0.74,25190,11918,W
304,0.07,-0.04,0.07,35.31,9.75,18,-9.12,3.2,1.57,0.12,0.65,0.14,0.74,25227,11955,W
305,0.01,0.08,0.22,35.31,9.75,18,-9.12,3.2,1.57,0.12,0.65,0.14,0.74,25265,11993,W
306,0.02,0.12,0.05,35.31,9.75,18,-9.12,3.2,1.57,0.12,0.65,0.14,0.74,25303,12031,W
307,0.02,0.12,0.05,35.31,9.75,18,-9.04,3.28,1.41,0.12,0.65,0.14,0.74,25341,12069,W
308,0.02,0.12,0.05,35.31,9.75,18,-8.73,3.28,1.22,0.12,0.65,0.14,0.74,25377,12105,W
309,0.05,0.13,0.29,35.31,9.75,18,-8.73,3.28,1.22,0.12,0.65,0.14,0.74,25416,12144,W
310,0.02,-0.05,0.53,35.31,9.75,18,-8.73,3.28,1.22,0.12,0.65,0.14,0.74,25454,12182,W
311,0.02,-0.05,0.53,35.31,9.75,18,-10.04,3.93,1.68,0.12,0.65,0.14,0.74,25492,12220,W
312,0.02,-0.05,0.53,35.31,9.75,18,-10.23,4.01,1.64,0.12,0.65,0.14,0.74,25529,12257,W
313,0.15,-0.4,3.58,35.31,9.75,18,-10.23,4.01,1.64,0.12,0.65,0.14,0.74,25569,12297,W
314,0.15,-0.4,3.58,35.31,9.75,18,-12.72,7.15,2.56,0.12,0.65,0.14,0.74,25609,12337,W
315,1.09,0.8,4.38,35.31,9.75,18,-12.72,7.15,2.56,0.12,0.65,0.14,0.74,25647,12375,W
316,-0.03,1.37,-1.27,35.31,9.75,18,-12.72,7.15,2.56,0.12,0.65,0.14,0.74,25684,12412,W
317,-0.03,1.37,-1.27,35.31,9.75,18,-11.07,3.93,1.45,0.12,0.65,0.14,0.74,25721,12449,W
318,-0.03,1.37,-1.27,35.31,9.75,18,-7.2,3.82,0.8,0.12,0.65,0.14,0.74,25761,12489,W
319,-0.03,1.37,-1.27,35.31,9.75,18,-2.72,5.5,0.19,0.12,0.65,0.14,0.74,25799,12527,W
320,-0.03,1.37,-1.27,35.31,9.75,18,-3.98,2.9,1.53,0.12,0.65,0.14,0.74,25839,12567,W
321,-0.03,1.37,-1.27,35.31,9.75,18,-4.71,2.13,1.14,0.12,0.65,0.14,0.74,25876,12604,W
322,0.09,-0.43,-2.2,35.31,9.75,18,-4.71,2.13,1.14,0.12,0.65,0.14,0.74,25914,12642,W
323,0.09,-0.43,-2.2,35.31,9.75,18,-5.79,4.24,0.61,0.12,0.65,0.14,0.74,25953,12681,W
324,0.09,-0.43,-2.2,35.31,9.75,18,-8.89,7.99,-0.43,0.12,0.65,0.14,0.74,25992,12720,W
325,0.09,-0.43,-2.2,35.31,9.75,18,-7.89,10.67,-4.48,0.12,0.65,0.14,0.74,26030,12758,W
326,2.76,0.26,-1.24,35.31,9.75,18,-7.89,10.67,-4.48,0.12,0.65,0.14,0.74,26070,12798,W
327,2.76,0.26,-1.24,35.31,9.75,18,-10.73,27.72,-5.21,0.12,0.65,0.14,0.74,26110,12838,W
328,-0.04,-0.77,0.03,35.31,9.75,18,-10.73,27.72,-5.21,0.12,0.65,0.14,0.74,26150,12878,W
329,-0.04,-0.77,0.03,35.31,9.75,18,-8.01,4.24,0.5,0.12,0.65,0.14,0.74,26190,12918,W
330,-0.04,-0.77,0.03,35.31,9.75,18,-10.57,3.24,4.25,0.12,0.65,0.14,0.74,26228,12956,W
331,-0.56,0.08,-0.25,35.31,9.75,18,-10.57,3.24,4.25,0.12,0.65,0.14,0.74,26267,12995,W
332,0.09,-0.04,0.01,35.31,9.75,18,-10.57,3.24,4.25,0.12,0.65,0.14,0.74,26306,13034,W
333,0.09,-0.04,0.01,35.31,9.75,18,-8.85,3.28,1.3,0.12,0.65,0.14,0.74,26345,13073,W
334,0.09,-0.04,0.01,35.31,9.75,18,-9,3.2,1.03,0.12,0.65,0.14,0.74,26383,13111,T
335,0.09,-0.04,0.01,21.69,31.69,-9.25,-9,3.2,1.03,0.12,0.65,0.14,0.74,26421,13149,T
336,0.01,-0.18,0.09,21.69,31.69,-9.25,-9,3.2,1.03,0.12,0.65,0.14,0.74,26461,13189,T
337,0.01,-0.18,0.09,21.69,31.69,-9.25,-8.93,3.2,1.45,0.12,0.65,0.14,0.74,26500,13228,T
338,0.01,-0.18,0.09,21.69,31.69,-9.25,-9.08,3.32,1.3,0.12,0.65,0.14,0.74,26539,13267,T
339,0.01,-0.18,0.09,21.69,31.69,-9.25,-9.04,3.24,1.45,0.12,0.65,0.14,0.74,26575,13303,T
340,0,-0.06,0.05,21.69,31.69,-9.25,-9.04,3.24,1.45,0.12,0.65,0.14,0.74,26613,13341,T
341,-0.04,-0.1,0.12,21.69,31.69,-9.25,-9.04,3.24,1.45,0.12,0.65,0.14,0.74,26652,13380,T
342,-0.04,-0.1,0.12,21.69,31.69,-9.25,-9.31,3.39,1.34,0.12,0.65,0.14,0.74,26691,13419,T
343,-0.04,-0.1,0.12,21.69,31.69,-9.25,-8.96,3.39,1.53,0.12,0.65,0.14,0.74,26729,13457,T
344,0.05,-0.05,0.08,21.69,31.69,-9.25,-8.96,3.39,1.53,0.12,0.65,0.14,0.74,26769,13497,T
345,-0.01,-0.03,-0.01,21.69,31.69,-9.25,-8.96,3.39,1.53,0.12,0.65,0.14,0.74,26808,13536,T
346,-0.01,-0.03,-0.01,21.69,31.69,-9.25,-8.96,3.51,1.41,0.12,0.65,0.14,0.74,26848,13576,T
347,-0.01,-0.03,-0.01,21.69,31.69,-9.25,-9,3.39,1.41,0.12,0.65,0.14,0.74,26889,13617,T
348,-0.01,-0.03,-0.01,21.69,31.69,-9.25,-8.96,3.47,1.45,0.12,0.65,0.14,0.74,26927,13655,T
349,0.02,-0.01,-0.01,21.69,31.69,-9.25,-8.96,3.47,1.45,0.12,0.65,0.14,0.74,26967,13695,T
350,0.02,-0.01,-0.01,21.69,31.69,-9.25,-9,3.47,1.57,0.12,0.65,0.14,0.74,27004,13732,T
351,0.02,-0.01,-0.01,21.69,31.69,-9.25,-9,3.43,1.53,0.12,0.65,0.14,0.74,27043,13771,T
352,0.02,-0.01,-0.01,21.69,31.69,-9.25,-9,3.47,1.57,0.12,0.65,0.14,0.74,27081,13809,T
353,0,0,-0.05,21.69,31.69,-9.25,-9,3.47,1.57,0.12,0.65,0.14,0.74,27120,13848,T
354,-0.01,0.01,-0.04,21.69,31.69,-9.25,-9,3.47,1.57,0.12,0.65,0.14,0.74,27160,13888,T
355,-0.01,0.01,-0.04,21.69,31.69,-9.25,-9,3.36,1.53,0.12,0.65,0.14,0.74,27201,13929,T
356,-0.01,0.01,-0.04,21.69,31.69,-9.25,-9,3.39,1.53,0.12,0.65,0.14,0.74,27240,13968,T
357,-0.01,0.01,-0.04,21.69,31.69,-9.25,-9,3.36,1.57,0.12,0.65,0.14,0.74,27278,14006,T
358,-0.01,0.01,0,21.69,31.69,-9.25,-9,3.36,1.57,0.12,0.65,0.14,0.74,27317,14045,T
359,-0.01,0.01,0,21.69,31.69,-9.25,-9,3.39,1.53,0.12,0.65,0.14,0.74,27355,14083,T
360,-0.01,0.01,0,21.69,31.69,-9.25,-9.04,3.39,1.53,0.12,0.65,0.14,0.74,27394,14122,T
361,-0.01,0.01,0,21.69,31.69,-9.25,-9,3.39,1.53,0.12,0.65,0.14,0.74,27432,14160,T
362,-0.01,0.01,0,22.56,30.06,-11.5,-9,3.39,1.53,0.12,0.65,0.14,0.74,27470,14198,T
363,0,0.01,-0.01,22.56,30.06,-11.5,-9,3.39,1.53,0.12,0.65,0.14,0.74,27510,14238,T
364,0,0.01,-0.01,22.56,30.06,-11.5,-9,3.39,1.53,0.12,0.65,0.14,0.74,27551,14279,T
365,0,0.01,-0.01,22.56,30.06,-11.5,-8.96,3.36,1.49,0.12,0.65,0.14,0.74,27590,14318,T
366,0,0.01,-0.01,22.56,30.06,-11.5,-9,3.39,1.53,0.12,0.65,0.14,0.74,27628,14356,T
367,0.04,0.02,-0.03,22.56,30.06,-11.5,-9,3.39,1.53,0.12,0.65,0.14,0.74,27667,14395,T
368,0.04,0.02,-0.03,22.56,30.06,-11.5,-8.96,3.36,1.53,0.12,0.65,0.14,0.74,27706,14434,T
369,-0.02,-0.02,0.01,22.56,30.06,-11.5,-8.96,3.36,1.53,0.12,0.65,0.14,0.74,27745,14473,T
370,-0.02,-0.02,0.01,22.56,30.06,-11.5,-9,3.39,1.49,0.12,0.65,0.14,0.74,27783,14511,T
371,-0.02,-0.02,0.01,22.38,30.81,-9.38,-9,3.39,1.49,0.12,0.65,0.14,0.74,27822,14550,T
372,-0.02,-0.02,0.01,22.38,30.81,-9.38,-9,3.39,1.45,0.12,0.65,0.14,0.74,27862,14590,T
373,-0.04,0.03,-0.04,22.38,30.81,-9.38,-9,3.39,1.45,0.12,0.65,0.14,0.74,27900,14628,T
374,-0.04,0.03,-0.04,22.38,30.81,-9.38,-9.08,3.39,1.41,0.12,0.65,0.14,0.74,27939,14667,T
375,-0.04,0.03,-0.04,22.38,30.81,-9.38,-9.08,3.32,1.68,0.12,0.65,0.14,0.74,27977,14705,T
376,-0.03,0.02,-0.03,22.38,30.81,-9.38,-9.08,3.32,1.68,0.12,0.65,0.14,0.74,28017,14745,T
377,0.01,0.02,0.01,22.38,30.81,-9.38,-9.08,3.32,1.68,0.12,0.65,0.14,0.74,28056,14784,T
378,0.01,0.02,0.01,22.38,30.81,-9.38,-8.96,3.32,1.53,0.12,0.65,0.14,0.74,28094,14822,T
379,0.01,0.02,0.01,22.38,30.81,-9.38,-9,3.32,1.64,0.12,0.65,0.14,0.74,28132,14860,T
380,0.01,0.02,0.01,22.13,32.31,-10.38,-9,3.32,1.64,0.12,0.65,0.14,0.74,28171,14899,T
381,0,0,-0.04,22.13,32.31,-10.38,-9,3.32,1.64,0.12,0.65,0.14,0.74,28210,14938,T
382,0.04,-0.01,-0.02,22.13,32.31,-10.38,-9,3.32,1.64,0.12,0.65,0.14,0.74,28249,14977,T
383,0.04,-0.01,-0.02,22.13,32.31,-10.38,-9.12,3.32,1.61,0.12,0.65,0.14,0.74,28289,15017,T
384,0.04,-0.01,-0.02,22.13,32.31,-10.38,-9.04,3.28,1.53,0.12,0.65,0.14,0.74,28327,15055,T
385,0.02,0.03,-0.03,22.13,32.31,-10.38,-9.04,3.28,1.53,0.12,0.65,0.14,0.74,28367,15095,T
386,0,-0.01,-0.03,22.13,32.31,-10.38,-9.04,3.28,1.53,0.12,0.65,0.14,0.74,28406,15134,T
387,0,-0.01,-0.03,22.13,32.31,-10.38,-8.96,3.2,1.57,0.12,0.65,0.14,0.74,28445,15173,T
388,0,-0.01,-0.03,22.13,32.31,-10.38,-9.08,3.28,1.53,0.12,0.65,0.14,0.74,28485,15213,T
389,0,-0.01,-0.03,22.13,32.31,-10.38,-9.08,3.24,1.57,0.12,0.65,0.14,0.74,28523,15251,T
390,-0.02,0.01,-0.02,22.13,32.31,-10.38,-9.08,3.24,1.57,0.12,0.65,0.14,0.74,28563,15291,T
391,-0.02,0.01,-0.02,22.13,32.31,-10.38,-9.08,3.16,1.53,0.12,0.65,0.14,0.74,28602,15330,T
392,-0.02,0.01,-0.02,22.13,32.31,-10.38,-9.04,3.2,1.49,0.12,0.65,0.14,0.74,28642,15370,T
393,-0.02,0.01,-0.02,22.13,32.31,-10.38,-9,3.16,1.49,0.12,0.65,0.14,0.74,28680,15408,W
394,-0.04,-0.03,0.09,22.13,32.31,-10.38,-9,3.16,1.49,0.12,0.65,0.14,0.74,28720,15448,W
395,0.09,-0.08,0.02,22.13,32.31,-10.38,-9,3.16,1.49,0.12,0.65,0.14,0.74,28760,15488,W
396,0.09,-0.08,0.02,22.13,32.31,-10.38,-9.04,3.32,1.72,0.12,0.65,0.14,0.74,28801,15529,W
397,0.09,-0.08,0.02,22.13,32.31,-10.38,-9.08,3.24,1.57,0.12,0.65,0.14,0.74,28839,15567,W
398,0.09,-0.08,0.02,22.13,32.31,-10.38,-9.04,3.28,1.64,0.12,0.65,0.14,0.74,28877,15605,W
399,0.04,-0.02,0.01,22.13,32.31,-10.38,-9.04,3.28,1.64,0.12,0.65,0.14,0.74,28916,15644,W
400,0.04,-0.02,0.01,22.13,32.31,-10.38,-9.16,3.24,1.61,0.12,0.65,0.14,0.74,28956,15684,W
401,0.04,0.02,-0.01,22.13,32.31,-10.38,-9.16,3.24,1.61,0.12,0.65,0.14,0.74,28995,15723,W
402,0.04,0.02,-0.01,22.13,32.31,-10.38,-8.93,3.24,1.64,0.12,0.65,0.14,0.74,29033,15761,W
403,0.04,0.02,-0.01,21.88,31.63,-11.31,-8.93,3.24,1.64,0.12,0.65,0.14,0.74,29072,15800,W
404,0.04,0.02,-0.01,21.88,31.63,-11.31,-9.31,3.39,1.68,0.12,0.65,0.14,0.74,29112,15840,W
405,-0.11,0.02,-0.11,21.88,31.63,-11.31,-9.31,3.39,1.68,0.12,0.65,0.14,0.74,29151,15879,W
406,-0.11,0.02,-0.11,21.88,31.63,-11.31,-8.58,3.05,1.72,0.12,0.65,0.14,0.74,29191,15919,W
407,-0.11,0.02,-0.11,21.88,31.63,-11.31,-8.85,3.28,1.41,0.12,0.65,0.14,0.74,29229,15957,W
408,-0.01,0.2,-0.01,21.88,31.63,-11.31,-8.85,3.28,1.41,0.12,0.65,0.14,0.74,29271,15999,W
409,0.11,0.17,-0.54,21.88,31.63,-11.31,-8.85,3.28,1.41,0.12,0.65,0.14,0.74,29309,16037,W
410,0.11,0.17,-0.54,21.88,31.63,-11.31,-14.86,4.89,-4.33,0.12,0.65,0.14,0.74,29348,16076,W
411,0.11,0.17,-0.54,21.88,31.63,-11.31,-7.97,4.2,-0.39,0.12,0.65,0.14,0.74,29388,16116,W
412,0.11,0.17,-0.54,21.88,31.63,-11.31,-4.87,3.51,-3.84,0.12,0.65,0.14,0.74,29427,16155,W
413,5.51,-1.83,-0.34,21.88,31.63,-11.31,-4.87,3.51,-3.84,0.12,0.65,0.14,0.74,29467,16195,W
414,4.42,-1.47,-0.58,21.88,31.63,-11.31,-4.87,3.51,-3.84,0.12,0.65,0.14,0.74,29507,16235,W
415,4.42,-1.47,-0.58,21.88,31.63,-11.31,-9.35,2.13,0.46,0.12,0.65,0.14,0.74,29547,16275,W
416,4.42,-1.47,-0.58,21.88,31.63,-11.31,-8.77,2.74,-0.5,0.12,0.65,0.14,0.74,29587,16315,W
417,4.42,-1.47,-0.58,21.88,31.63,-11.31,-8.81,4.28,0.19,0.12,0.65,0.14,0.74,29626,16354,W
418,4.11,-1.02,-1.88,21.88,31.63,-11.31,-8.81,4.28,0.19,0.12,0.65,0.14,0.74,29665,16393,W
419,4.11,-1.02,-1.88,21.88,31.63,-11.31,-6.97,7.68,0.61,0.12,0.65,0.14,0.74,29705,16433,W
420,2.22,0.59,-1.07,21.88,31.63,-11.31,-6.97,7.68,0.61,0.12,0.65,0.14,0.74,29744,16472,W
421,2.22,0.59,-1.07,21.88,31.63,-11.31,-3.14,11.71,-0.81,0.12,0.65,0.14,0.74,29783,16511,W
422,2.22,0.59,-1.07,13.19,-8.31,-14.88,-3.14,11.71,-0.81,0.12,0.65,0.14,0.74,29820,16548,W
423,2.22,0.59,-1.07,13.19,-8.31,-14.88,-6.4,1.33,-1.88,0.12,0.65,0.14,0.74,29861,16589,W
424,-0.33,0.15,0.15,13.19,-8.31,-14.88,-6.4,1.33,-1.88,0.12,0.65,0.14,0.74,29900,16628,W
425,-0.33,0.15,0.15,13.19,-8.31,-14.88,-9.46,3.32,0.61,0.12,0.65,0.14,0.74,29940,16668,W
426,-0.33,0.15,0.15,13.19,-8.31,-14.88,-8.85,3.39,1.53,0.12,0.65,0.14,0.74,29978,16706,W
427,-0.03,-0.03,0.08,13.19,-8.31,-14.88,-8.85,3.39,1.53,0.12,0.65,0.14,0.74,30058,16786,W
428,-0.03,-0.03,0.08,13.19,-8.31,-14.88,-8.96,3.74,1.18,0.12,0.65,0.14,0.74,30098,16826,W
429,-0.03,-0.03,0.08,13.19,-8.31,-14.88,-9.23,3.63,1.34,0.12,0.65,0.14,0.74,30138,16866,W
430,-0.03,-0.03,0.08,13.19,-8.31,-14.88,-9.12,3.74,1.38,0.12,0.65,0.14,0.74,30177,16905,W
431,0.04,-0.02,-0.02,13.19,-8.31,-14.88,-9.12,3.74,1.38,0.12,0.65,0.14,0.74,30217,16945,W
432,-0.05,-0.04,0.04,13.19,-8.31,-14.88,-9.12,3.74,1.38,0.12,0.65,0.14,0.74,30257,16985,W
433,-0.05,-0.04,0.04,13.19,-8.31,-14.88,-8.93,3.78,1.14,0.12,0.65,0.14,0.74,30296,17024,W
434,-0.05,-0.04,0.04,13.19,-8.31,-14.88,-8.89,3.7,1.64,0.12,0.65,0.14,0.74,30336,17064,W
435,-0.05,-0.04,0.04,13.19,-8.31,-14.88,-9.08,3.93,1.45,0.12,0.65,0.14,0.74,30372,17100,W
436,-0.06,0.08,0.25,13.19,-8.31,-14.88,-9.08,3.93,1.45,0.12,0.65,0.14,0.74,30412,17140,W
437,-0.06,0.08,0.25,13.19,-8.31,-14.88,-9,4.05,1.3,0.12,0.65,0.14,0.74,30451,17179,W
438,-0.06,0.08,0.25,13.19,-8.31,-14.88,-8.66,4.2,1.45,0.12,0.65,0.14,0.74,30491,17219,W
439,-0.06,0.08,0.25,13.19,-8.31,-14.88,-9.08,4.09,1.22,0.12,0.65,0.14,0.74,30528,17256,W
440,0.04,-0.11,0.38,13.19,-8.31,-14.88,-9.08,4.09,1.22,0.12,0.65,0.14,0.74,30568,17296,W
441,0.04,-0.11,0.38,13.19,-8.31,-14.88,-10.69,4.81,1.14,0.12,0.65,0.14,0.74,30607,17335,W
442,0.04,-0.11,0.38,13.19,-8.31,-14.88,-9.04,4.35,1.61,0.12,0.65,0.14,0.74,30646,17374,W
443,0.04,-0.11,0.38,13.19,-8.31,-14.88,-14.48,7.8,-0.54,0.12,0.65,0.14,0.74,30685,17413,W
444,0.04,-0.11,0.38,13.19,-8.31,-14.88,-10.8,6.27,-1.27,0.12,0.65,0.14,0.74,30724,17452,W
445,0.62,-3.9,1.72,13.19,-8.31,-14.88,-10.8,6.27,-1.27,0.12,0.65,0.14,0.74,30764,17492,W
446,0.62,-3.9,1.72,13.19,-8.31,-14.88,-14.79,0.98,-11.54,0.12,0.65,0.14,0.74,30804,17532,W
447,0.62,-3.9,1.72,13.19,-8.31,-14.88,0.61,6.96,9.92,0.12,0.65,0.14,0.74,30844,17572,W
448,0.62,-3.9,1.72,13.19,-8.31,-14.88,-6.82,3.93,2.6,0.12,0.65,0.14,0.74,30882,17610,W
449,0.62,-3.9,1.72,13.19,-8.31,-14.88,-9.39,3.16,-0.54,0.12,0.65,0.14,0.74,30920,17648,W
450,0.62,-3.9,1.72,13.19,-8.31,-14.88,-8.01,3.28,0.19,0.12,0.65,0.14,0.74,30960,17688,W
451,2.38,-0.55,-1.32,13.19,-8.31,-14.88,-8.01,3.28,0.19,0.12,0.65,0.14,0.74,30999,17727,W
452,2.38,-0.55,-1.32,13.19,-8.31,-14.88,-6.93,6.42,2.79,0.12,0.65,0.14,0.74,31039,17767,W
453,2.38,-0.55,-1.32,13.19,-8.31,-14.88,-6.02,5.96,1.49,0.12,0.65,0.14,0.74,31077,17805,W
454,2.38,-0.55,-1.32,13.19,-8.31,-14.88,-3.48,5.54,-0.08,0.12,0.65,0.14,0.74,31118,17846,W
455,-0.48,1.51,-1.53,13.19,-8.31,-14.88,-3.48,5.54,-0.08,0.12,0.65,0.14,0.74,31158,17886,W
456,-0.48,1.51,-1.53,13.19,-8.31,-14.88,-8.31,13.47,5.55,0.12,0.65,0.14,0.74,31197,17925,W
457,-0.48,1.51,-1.53,13.19,-8.31,-14.88,-7.66,15.16,4.17,0.12,0.65,0.14,0.74,31238,17966,W
458,-0.48,1.51,-1.53,13.19,-8.31,-14.88,-2.53,16.46,1.49,0.12,0.65,0.14,0.74,31277,18005,W
459,-0.49,-3.65,2.78,13.19,-8.31,-14.88,-2.53,16.46,1.49,0.12,0.65,0.14,0.74,31316,18044,W
460,-0.49,-3.65,2.78,13.19,-8.31,-14.88,-12.95,0.52,6.39,0.12,0.65,0.14,0.74,31357,18085,W
461,-0.49,-3.65,2.78,13.19,-8.31,-14.88,-9.62,3.97,-0.27,0.12,0.65,0.14,0.74,31398,18126,W
462,-0.49,-3.65,2.78,13.19,-8.31,-14.88,-10.19,4.12,1.76,0.12,0.65,0.14,0.74,31439,18167,W
463,-0.49,-3.65,2.78,13.19,-8.31,-14.88,-8.35,3.7,1.61,0.12,0.65,0.14,0.74,31477,18205,W
464,0.04,0.02,0.12,13.19,-8.31,-14.88,-8.35,3.7,1.61,0.12,0.65,0.14,0.74,31517,18245,W
465,0.04,0.02,0.12,13.19,-8.31,-14.88,-9.35,3.89,1.57,0.12,0.65,0.14,0.74,31557,18285,W
466,-0.03,-0.01,0.04,13.19,-8.31,-14.88,-9.35,3.89,1.57,0.12,0.65,0.14,0.74,31596,18324,W
467,-0.03,-0.01,0.04,13.19,-8.31,-14.88,-8.85,3.78,1.38,0.12,0.65,0.14,0.74,31636,18364,W
468,-0.03,-0.01,0.04,13.19,-8.31,-14.88,-8.81,3.78,1.34,0.12,0.65,0.14,0.74,31675,18403,W
469,0,-0.06,0.09,13.19,-8.31,-14.88,-8.81,3.78,1.34,0.12,0.65,0.14,0.74,31713,18441,W
470,-0.02,0.01,-0.04,13.19,-8.31,-14.88,-8.81,3.78,1.34,0.12,0.65,0.14,0.74,31752,18480,W
471,-0.02,0.01,-0.04,13.19,-8.31,-14.88,-8.77,3.82,1.45,0.12,0.65,0.14,0.74,31792,18520,W
472,-0.02,0.01,-0.04,13.19,-8.31,-14.88,-8.93,3.86,1.34,0.12,0.65,0.14,0.74,31830,18558,W
473,-0.05,-0.01,0.06,13.19,-8.31,-14.88,-8.93,3.86,1.34,0.12,0.65,0.14,0.74,31870,18598,W
474,-0.06,0.03,0.11,13.19,-8.31,-14.88,-8.93,3.86,1.34,0.12,0.65,0.14,0.74,31909,18637,W
475,-0.06,0.03,0.11,13.19,-8.31,-14.88,-8.89,3.97,1.45,0.12,0.65,0.14,0.74,31949,18677,W
476,-0.06,0.03,0.11,13.19,-8.31,-14.88,-8.93,3.97,1.41,0.12,0.65,0.14,0.74,31989,18717,W
477,-0.06,0.03,0.11,13.19,-8.31,-14.88,-10.42,4.09,1.11,0.12,0.65,0.14,0.74,32027,18755,W
478,-0.02,-0.33,0.92,13.19,-8.31,-14.88,-10.42,4.09,1.11,0.12,0.65,0.14,0.74,32067,18795,W
479,0.13,-0.1,2.45,13.19,-8.31,-14.88,-10.42,4.09,1.11,0.12,0.65,0.14,0.74,32108,18836,W
480,0.13,-0.1,2.45,13.19,-8.31,-14.88,-11.68,7.42,0,0.12,0.65,0.14,0.74,32147,18875,W
481,0.13,-0.1,2.45,13.19,-8.31,-14.88,-17.43,1.9,-1.04,0.12,0.65,0.14,0.74,32187,18915,W
482,0.13,-0.1,2.45,13.19,-8.31,-14.88,-11.84,2.36,-6.67,0.12,0.65,0.14,0.74,32226,18954,W
483,0.92,-1.07,0.35,13.19,-8.31,-14.88,-11.84,2.36,-6.67,0.12,0.65,0.14,0.74,32267,18995,W
484,0.92,-1.07,0.35,13.19,-8.31,-14.88,-5.75,1.86,1.61,0.12,0.65,0.14,0.74,32308,19036,W
485,0.98,-0.12,-1.24,13.19,-8.31,-14.88,-5.75,1.86,1.61,0.12,0.65,0.14,0.74,32348,19076,W
486,0.67,0.61,-2.76,13.19,-8.31,-14.88,-5.86,2.48,2.11,0.12,0.65,0.14,0.74,32464,19192,W
487,-0.13,0.98,-3.15,13.19,-8.31,-14.88,-5.86,2.48,2.11,0.12,0.65,0.14,0.74,32503,19231,W
488,-0.13,0.98,-3.15,13.19,-8.31,-14.88,-7.32,7.95,1.91,0.12,0.65,0.14,0.74,32543,19271,W
489,-0.13,0.98,-3.15,13.19,-8.31,-14.88,-8.66,10.02,1.91,0.12,0.65,0.14,0.74,32581,19309,W
490,-0.13,0.98,-3.15,21.75,-27.69,-10.56,-8.66,10.02,1.91,0.12,0.65,0.14,0.74,32621,19349,W
491,0.63,-0.44,-2.35,21.75,-27.69,-10.56,-8.66,10.02,1.91,0.12,0.65,0.14,0.74,32662,19390,W
492,0.63,-0.44,-2.35,21.75,-27.69,-10.56,-7.36,13.89,0.27,0.12,0.65,0.14,0.74,32702,19430,W
493,0.63,-0.44,-2.35,21.75,-27.69,-10.56,-1.04,15.84,-2.76,0.12,0.65,0.14,0.74,32742,19470,W
494,0.63,-0.44,-2.35,21.75,-27.69,-10.56,-10.57,4.7,0.42,0.12,0.65,0.14,0.74,32783,19511,W
495,0.63,-0.44,-2.35,23,-18.13,-9.13,-10.57,4.7,0.42,0.12,0.65,0.14,0.74,32822,19550,W
496,-0.24,-0.19,-0.08,23,-18.13,-9.13,-10.57,4.7,0.42,0.12,0.65,0.14,0.74,32862,19590,W
497,-0.24,-0.19,-0.08,23,-18.13,-9.13,-8.5,3.43,0.72,0.12,0.65,0.14,0.74,32902,19630,W
498,-0.24,-0.19,-0.08,23,-18.13,-9.13,-8.81,3.36,1.38,0.12,0.65,0.14,0.74,32942,19670,W
499,-0.24,-0.19,-0.08,23,-18.13,-9.13,-9.04,3.28,0.88,0.12,0.65,0.14,0.74,32980,19708,W
500,0.03,-0.11,0.19,23,-18.13,-9.13,-9.04,3.28,0.88,0.12,0.65,0.14,0.74,33019,19747,W
501,0.03,-0.11,0.19,23,-18.13,-9.13,-9.23,3.2,1.72,0.12,0.65,0.14,0.74,33059,19787,W
502,-0.1,0.03,-0.02,23,-18.13,-9.13,-9.23,3.2,1.72,0.12,0.65,0.14,0.74,33099,19827,W
503,-0.1,0.03,-0.02,23,-18.13,-9.13,-9.08,3.28,1.26,0.12,0.65,0.14,0.74,33139,19867,W
504,-0.1,0.03,-0.02,23,-18.13,-9.13,-9.04,3.16,1.53,0.12,0.65,0.14,0.74,33177,19905,W
505,0.09,-0.03,0.04,23,-18.13,-9.13,-9.04,3.16,1.53,0.12,0.65,0.14,0.74,33217,19945,W
506,0.07,-0.04,0.1,23,-18.13,-9.13,-9.04,3.16,1.53,0.12,0.65,0.14,0.74,33256,19984,W
507,0.07,-0.04,0.1,23,-18.13,-9.13,-8.93,3.36,1.41,0.12,0.65,0.14,0.74,33295,20023,W
508,0.07,-0.04,0.1,23,-18.13,-9.13,-9,3.32,1.49,0.12,0.65,0.14,0.74,33335,20063,W
509,0.07,-0.04,0.1,23,-18.13,-9.13,-9.5,3.28,1.22,0.12,0.65,0.14,0.74,33373,20101,W
510,0.07,0.04,0.18,23,-18.13,-9.13,-9.5,3.28,1.22,0.12,0.65,0.14,0.74,33412,20140,W
511,0.07,0.04,0.18,23,-18.13,-9.13,-9.65,3.59,1.41,0.12,0.65,0.14,0.74,33449,20177,W
512,0.07,0.04,0.18,23,-18.13,-9.13,-9.62,4.01,1.45,0.12,0.65,0.14,0.74,33488,20216,W
513,0.07,0.04,0.18,23,-18.13,-9.13,-10,4.39,1.34,0.12,0.65,0.14,0.74,33526,20254,W
514,0.26,0.14,3.46,23,-18.13,-9.13,-10,4.39,1.34,0.12,0.65,0.14,0.74,33565,20293,W
515,0.47,0,5.99,23,-18.13,-9.13,-10,4.39,1.34,0.12,0.65,0.14,0.74,33605,20333,W
516,0.47,0,5.99,23,-18.13,-9.13,-15.13,4.7,0.95,0.12,0.65,0.14,0.74,33643,20371,W
517,0.47,0,5.99,23,-18.13,-9.13,-16.05,5.16,-0.31,0.12,0.65,0.14,0.74,33682,20410,W
518,0.47,0,5.99,-0.88,-23.63,-9.25,-16.05,5.16,-0.31,0.12,0.65,0.14,0.74,33720,20448,W
519,1.05,-0.08,-1.49,-0.88,-23.63,-9.25,-16.05,5.16,-0.31,0.12,0.65,0.14,0.74,33760,20488,W
520,1.05,-0.08,-1.49,-0.88,-23.63,-9.25,-5.44,3.63,4.29,0.12,0.65,0.14,0.74,33800,20528,W
521,1.05,-0.08,-1.49,-0.88,-23.63,-9.25,-2.95,4.24,1.45,0.12,0.65,0.14,0.74,33840,20568,W
522,1.05,-0.08,-1.49,-0.88,-23.63,-9.25,-2.88,5.16,2.14,0.12,0.65,0.14,0.74,33878,20606,W
523,-0.96,1.39,-1.6,-0.88,-23.63,-9.25,-2.88,5.16,2.14,0.12,0.65,0.14,0.74,33917,20645,W
524,-0.96,1.39,-1.6,-0.88,-23.63,-9.25,-6.86,8.3,-0.46,0.12,0.65,0.14,0.74,34038,20766,W
525,-0.96,1.39,-1.6,-0.88,-23.63,-9.25,-7.78,7.88,-0.5,0.12,0.65,0.14,0.74,34076,20804,W
526,-0.56,-1.54,0.68,-0.88,-23.63,-9.25,-7.78,7.88,-0.5,0.12,0.65,0.14,0.74,34117,20845,W
527,0.46,0.72,-0.07,-0.88,-23.63,-9.25,-7.78,7.88,-0.5,0.12,0.65,0.14,0.74,34158,20886,W
528,0.46,0.72,-0.07,-0.88,-23.63,-9.25,-9.23,3.59,1.3,0.12,0.65,0.14,0.74,34198,20926,W
529,0.46,0.72,-0.07,-0.88,-23.63,-9.25,-8.7,3.74,0.57,0.12,0.65,0.14,0.74,34237,20965,W
530,0.46,0.72,-0.07,-0.88,-23.63,-9.25,-9.39,3.63,1.57,0.12,0.65,0.14,0.74,34275,21003,W
531,0.04,-0.11,0,-0.88,-23.63,-9.25,-9.39,3.63,1.57,0.12,0.65,0.14,0.74,34313,21041,W
532,0,-0.21,0.16,-0.88,-23.63,-9.25,-9.39,3.63,1.57,0.12,0.65,0.14,0.74,34351,21079,W
533,0,-0.21,0.16,-0.88,-23.63,-9.25,-10.04,3.51,1.91,0.12,0.65,0.14,0.74,34390,21118,W
534,0,-0.21,0.16,-0.88,-23.63,-9.25,-8.54,3.55,1.49,0.12,0.65,0.14,0.74,34428,21156,W
535,-0.01,0.02,0.03,-0.88,-23.63,-9.25,-8.54,3.55,1.49,0.12,0.65,0.14,0.74,34468,21196,W
536,-0.05,0,0.02,-0.88,-23.63,-9.25,-8.54,3.55,1.49,0.12,0.65,0.14,0.74,34507,21235,W
537,-0.05,0,0.02,-0.88,-23.63,-9.25,-8.93,3.55,1.49,0.12,0.65,0.14,0.74,34547,21275,W
538,-0.05,0,0.02,-0.88,-23.63,-9.25,-9,3.47,1.53,0.12,0.65,0.14,0.74,34587,21315,W
539,-0.05,0,0.02,-0.88,-23.63,-9.25,-9,3.55,1.57,0.12,0.65,0.14,0.74,34625,21353,W
540,-0.01,0,0.04,-0.88,-23.63,-9.25,-9,3.55,1.57,0.12,0.65,0.14,0.74,34663,21391,W
541,-0.01,0,0.04,-0.88,-23.63,-9.25,-9.04,3.63,1.49,0.12,0.65,0.14,0.74,34701,21429,W
542,-0.01,0,0.04,-0.88,-23.63,-9.25,-9.46,3.7,1.34,0.12,0.65,0.14,0.74,34740,21468,W
543,-0.01,0,0.04,-0.88,-23.63,-9.25,-9,3.51,1.49,0.12,0.65,0.14,0.74,34778,21506,T
544,0.04,0.03,0.02,-0.88,-23.63,-9.25,-9,3.51,1.49,0.12,0.65,0.14,0.74,34817,21545,T
545,0.02,0,0.02,-0.88,-23.63,-9.25,-9,3.51,1.49,0.12,0.65,0.14,0.74,34855,21583,T
546,0.02,0,0.02,-0.88,-23.63,-9.25,-8.96,3.66,1.57,0.12,0.65,0.14,0.74,34894,21622,T
547,0.02,0,0.02,-0.88,-23.63,-9.25,-9,3.7,1.53,0.12,0.65,0.14,0.74,34933,21661,T
548,0.02,0,0.02,-0.88,-23.63,-9.25,-8.89,3.7,1.57,0.12,0.65,0.14,0.74,34971,21699,T
549,-0.01,0.02,0.02,-0.88,-23.63,-9.25,-8.89,3.7,1.57,0.12,0.65,0.14,0.74,35009,21737,T
550,-0.01,0.02,0.02,-0.88,-23.63,-9.25,-8.93,3.63,1.45,0.12,0.65,0.14,0.74,35048,21776,T
551,-0.01,0.02,0.02,-0.88,-23.63,-9.25,-9,3.66,1.53,0.12,0.65,0.14,0.74,35089,21817,T
552,-0.01,0.02,0.02,-0.88,-23.63,-9.25,-8.81,3.78,1.49,0.12,0.65,0.14,0.74,35126,21854,T
553,0,-0.02,0.05,-0.88,-23.63,-9.25,-8.81,3.78,1.49,0.12,0.65,0.14,0.74,35165,21893,T
554,-0.01,0.02,0.05,-0.88,-23.63,-9.25,-8.81,3.78,1.49,0.12,0.65,0.14,0.74,35204,21932,T
555,-0.01,0.02,0.05,-0.88,-23.63,-9.25,-8.89,3.74,1.53,0.12,0.65,0.14,0.74,35243,21971,T
556,-0.01,0.02,0.05,-0.88,-23.63,-9.25,-8.93,3.82,1.49,0.12,0.65,0.14,0.74,35280,22008,T
557,-0.01,0.02,0.05,-4,-21.63,-7.75,-8.93,3.82,1.49,0.12,0.65,0.14,0.74,35318,22046,T
558,-0.02,0.01,0.01,-4,-21.63,-7.75,-8.93,3.82,1.49,0.12,0.65,0.14,0.74,35357,22085,T
559,-0.02,0.01,0.01,-4,-21.63,-7.75,-8.81,3.86,1.49,0.12,0.65,0.14,0.74,35397,22125,T
560,-0.02,0.01,0.01,-4,-21.63,-7.75,-8.85,3.82,1.49,0.12,0.65,0.14,0.74,35437,22165,T
561,-0.02,0.01,0.01,-4,-21.63,-7.75,-8.81,3.78,1.53,0.12,0.65,0.14,0.74,35474,22202,T
562,0.01,0.03,-0.09,-4,-21.63,-7.75,-8.81,3.78,1.53,0.12,0.65,0.14,0.74,35514,22242,T
563,0.01,0.03,-0.09,-4,-21.63,-7.75,-8.85,3.74,1.49,0.12,0.65,0.14,0.74,35552,22280,T
564,0.01,0.03,-0.09,-4,-21.63,-7.75,-8.93,3.74,1.49,0.12,0.65,0.14,0.74,35592,22320,T
565,0.01,0.03,-0.09,-4,-21.63,-7.75,-8.93,3.7,1.49,0.12,0.65,0.14,0.74,35629,22357,T
566,0.01,0.03,-0.09,-4,-21.63,-7.75,-8.93,3.7,1.49,0.23,0.61,0.02,0.76,35667,22395,T
567,-0.02,0.03,-0.03,-4,-21.63,-7.75,-8.93,3.7,1.49,0.23,0.61,0.02,0.76,35707,22435,T
568,-0.02,0.03,-0.03,-4,-21.63,-7.75,-8.81,3.63,1.41,0.23,0.61,0.02,0.76,35748,22476,T
569,-0.02,0.03,-0.03,-4,-21.63,-7.75,-8.89,3.66,1.45,0.23,0.61,0.02,0.76,35787,22515,T
570,-0.02,0.03,-0.03,-4,-21.63,-7.75,-8.96,3.63,1.41,0.23,0.61,0.02,0.76,35825,22553,T
571,0,-0.01,-0.05,-4,-21.63,-7.75,-8.96,3.63,1.41,0.23,0.61,0.02,0.76,35865,22593,T
572,0,-0.01,-0.05,-4,-21.63,-7.75,-8.81,3.59,1.41,0.23,0.61,0.02,0.76,35907,22635,T
573,-0.12,0.02,-0.08,-4,-21.63,-7.75,-8.81,3.59,1.41,0.23,0.61,0.02,0.76,35947,22675,T
574,-0.12,0.02,-0.08,-4,-21.63,-7.75,-8.96,3.51,1.41,0.23,0.61,0.02,0.76,35986,22714,T
575,-0.12,0.02,-0.08,-4,-21.63,-7.75,-9.04,3.55,1.41,0.23,0.61,0.02,0.76,36025,22753,T
576,-0.06,0.02,-0.05,-4,-21.63,-7.75,-9.04,3.55,1.41,0.23,0.61,0.02,0.76,36064,22792,T
577,-0.04,0.05,-0.03,-4,-21.63,-7.75,-9.04,3.55,1.41,0.23,0.61,0.02,0.76,36104,22832,T
578,-0.04,0.05,-0.03,-4,-21.63,-7.75,-9,3.47,1.34,0.23,0.61,0.02,0.76,36142,22870,T
579,-0.04,0.05,-0.03,-4,-21.63,-7.75,-8.93,3.47,1.45,0.23,0.61,0.02,0.76,36180,22908,T
580,-0.04,0.05,-0.03,-3.5,-20.88,-10.75,-8.93,3.47,1.45,0.23,0.61,0.02,0.76,36219,22947,W
581,-0.02,0.03,0.02,-3.5,-20.88,-10.75,-8.93,3.47,1.45,0.23,0.61,0.02,0.76,36259,22987,W
582,-0.02,0.03,0.02,-3.5,-20.88,-10.75,-9,3.55,1.53,0.23,0.61,0.02,0.76,36299,23027,W
583,-0.02,0.03,0.02,-3.5,-20.88,-10.75,-9.04,3.47,1.41,0.23,0.61,0.02,0.76,36340,23068,W
584,-0.02,0.03,0.02,-3.5,-20.88,-10.75,-9.12,3.43,1.34,0.23,0.61,0.02,0.76,36378,23106,W
585,0.01,0.03,0.19,-3.5,-20.88,-10.75,-9.12,3.43,1.34,0.23,0.61,0.02,0.76,36418,23146,W
586,-0.03,-0.1,0.03,-3.5,-20.88,-10.75,-9.12,3.43,1.34,0.23,0.61,0.02,0.76,36457,23185,W
587,-0.03,-0.1,0.03,-3.5,-20.88,-10.75,-8.73,3.63,1.53,0.23,0.61,0.02,0.76,36498,23226,W
588,-0.03,-0.1,0.03,-3.5,-20.88,-10.75,-9.96,4.12,1.57,0.23,0.61,0.02,0.76,36539,23267,W
589,-0.03,-0.1,0.03,-3.5,-20.88,-10.75,-9.73,6.92,2.91,0.23,0.61,0.02,0.76,36577,23305,W
590,-4.25,0.72,-0.25,-3.5,-20.88,-10.75,-9.73,6.92,2.91,0.23,0.61,0.02,0.76,36618,23346,W
591,-4.25,0.72,-0.25,-3.5,-20.88,-10.75,-9.92,12.21,0.27,0.23,0.61,0.02,0.76,36659,23387,W
592,-6.45,1.81,1.9,-3.5,-20.88,-10.75,-9.92,12.21,0.27,0.23,0.61,0.02,0.76,36699,23427,W
593,-6.45,1.81,1.9,-3.5,-20.88,-10.75,-10.07,5.81,-1.11,0.23,0.61,0.02,0.76,36739,23467,W
594,-6.45,1.81,1.9,-3.5,-20.88,-10.75,-9.35,2.9,-1.54,0.23,0.61,0.02,0.76,36779,23507,W
595,-2.08,0.55,1.83,-3.5,-20.88,-10.75,-9.35,2.9,-1.54,0.23,0.61,0.02,0.76,36818,23546,W
596,-3.06,0.27,0.97,-3.5,-20.88,-10.75,-9.35,2.9,-1.54,0.23,0.61,0.02,0.76,36859,23587,W
597,-3.06,0.27,0.97,-3.5,-20.88,-10.75,-7.97,3.55,-0.43,0.23,0.61,0.02,0.76,36898,23626,W
598,-3.06,0.27,0.97,-3.5,-20.88,-10.75,-8.81,3.16,-0.92,0.23,0.61,0.02,0.76,36940,23668,W
599,-3.06,0.27,0.97,-3.5,-20.88,-10.75,-8.43,2.52,-3.95,0.23,0.61,0.02,0.76,36978,23706,W
600,-2.4,1.72,0.18,-3.5,-20.88,-10.75,-8.43,2.52,-3.95,0.23,0.61,0.02,0.76,37019,23747,W
601,-2.4,1.72,0.18,-3.5,-20.88,-10.75,-8.85,3.97,0.46,0.23,0.61,0.02,0.76,37059,23787,W
602,-3.08,1.77,0.06,-3.5,-20.88,-10.75,-8.85,3.97,0.46,0.23,0.61,0.02,0.76,37098,23826,W
603,-3.08,1.77,0.06,-3.5,-20.88,-10.75,-8.35,3.82,-0.2,0.23,0.61,0.02,0.76,37138,23866,W
604,-3.08,1.77,0.06,-3.5,-20.88,-10.75,-19.57,-0.55,-9.62,0.23,0.61,0.02,0.76,37177,23905,W
605,2.88,-0.92,-0.72,-3.5,-20.88,-10.75,-19.57,-0.55,-9.62,0.23,0.61,0.02,0.76,37219,23947,W
606,-1.07,-0.02,0.68,-3.5,-20.88,-10.75,-19.57,-0.55,-9.62,0.23,0.61,0.02,0.76,37260,23988,W
607,-1.07,-0.02,0.68,-3.5,-20.88,-10.75,-9.73,3.24,0.76,0.23,0.61,0.02,0.76,37301,24029,W
608,-1.07,-0.02,0.68,-3.5,-20.88,-10.75,-9.23,3.32,2.49,0.23,0.61,0.02,0.76,37341,24069,W
609,-1.07,-0.02,0.68,-3.5,-20.88,-10.75,-9,3.16,1.91,0.23,0.61,0.02,0.76,37380,24108,W
610,-1.07,-0.02,0.68,49.5,8.56,-1.19,-9,3.16,1.91,0.23,0.61,0.02,0.76,37419,24147,W
611,0.04,-0.09,0.05,49.5,8.56,-1.19,-9,3.16,1.91,0.23,0.61,0.02,0.76,37458,24186,W
612,0.04,-0.09,0.05,49.5,8.56,-1.19,-9.16,3.24,1.49,0.23,0.61,0.02,0.76,37498,24226,W
613,0.04,-0.09,0.05,49.5,8.56,-1.19,-9.04,3.16,1.45,0.23,0.61,0.02,0.76,37536,24264,W
614,0.04,-0.09,0.05,49.5,8.56,-1.19,-8.85,3.2,1.61,0.23,0.61,0.02,0.76,37573,24301,W
615,-0.04,-0.03,0.04,49.5,8.56,-1.19,-8.85,3.2,1.61,0.23,0.61,0.02,0.76,37611,24339,W
616,-0.04,-0.03,0.04,49.5,8.56,-1.19,-9.04,3.2,1.45,0.23,0.61,0.02,0.76,37650,24378,W
617,-0.04,-0.03,0.04,49.5,8.56,-1.19,-9.2,3.32,1.53,0.23,0.61,0.02,0.76,37690,24418,W
618,-0.04,-0.03,0.04,49.5,8.56,-1.19,-8.89,3.28,1.61,0.23,0.61,0.02,0.76,37727,24455,W
619,-0.04,-0.07,0.24,49.5,8.56,-1.19,-8.89,3.28,1.61,0.23,0.61,0.02,0.76,37766,24494,W
620,-0.04,-0.07,0.24,49.5,8.56,-1.19,-9,3.47,1.61,0.23,0.61,0.02,0.76,37805,24533,W
621,-0.04,-0.07,0.24,49.5,8.56,-1.19,-8.89,3.51,1.68,0.23,0.61,0.02,0.76,37843,24571,W
622,-0.04,-0.07,0.24,49.5,8.56,-1.19,-9.27,3.7,1.61,0.23,0.61,0.02,0.76,37881,24609,W
623,-0.04,-0.07,0.24,49.5,8.56,-1.19,-9.65,3.82,1.8,0.23,0.61,0.02,0.76,37918,24646,W
624,-0.2,0.21,0.55,49.5,8.56,-1.19,-9.65,3.82,1.8,0.23,0.61,0.02,0.76,37957,24685,W
625,-0.2,0.21,0.55,49.5,8.56,-1.19,-9.23,4.2,1.14,0.23,0.61,0.02,0.76,37996,24724,W
626,-0.2,0.21,0.55,49.5,8.56,-1.19,-10.34,4.89,2.22,0.23,0.61,0.02,0.76,38034,24762,W
627,-0.2,0.21,0.55,49.5,8.56,-1.19,-10.77,6.61,0.23,0.23,0.61,0.02,0.76,38071,24799,W
628,-1.08,2.06,3.65,49.5,8.56,-1.19,-10.77,6.61,0.23,0.23,0.61,0.02,0.76,38110,24838,W
629,-1.08,2.06,3.65,49.5,8.56,-1.19,-13.37,8.68,-1.42,0.23,0.61,0.02,0.76,38149,24877,W
630,-1.08,2.06,3.65,49.5,8.56,-1.19,-14.52,5.23,-1.15,0.23,0.61,0.02,0.76,38189,24917,W
631,-1.08,2.06,3.65,49.5,8.56,-1.19,-8.43,-0.55,3.1,0.23,0.61,0.02,0.76,38225,24953,W
632,-0.4,1.88,-1.73,49.5,8.56,-1.19,-8.43,-0.55,3.1,0.23,0.61,0.02,0.76,38264,24992,W
633,-0.4,1.88,-1.73,49.5,8.56,-1.19,-6.82,1.59,9.23,0.23,0.61,0.02,0.76,38303,25031,W
634,-0.4,1.88,-1.73,49.5,8.56,-1.19,-6.66,2.02,2.41,0.23,0.61,0.02,0.76,38342,25070,W
635,-0.4,1.88,-1.73,49.5,8.56,-1.19,-7.13,4.01,1.45,0.23,0.61,0.02,0.76,38380,25108,W
636,-0.4,1.88,-1.73,49.5,8.56,-1.19,-8.01,5.31,2.37,0.23,0.61,0.02,0.76,38417,25145,W
637,-0.62,0.56,-2.96,49.5,8.56,-1.19,-8.01,5.31,2.37,0.23,0.61,0.02,0.76,38457,25185,W
638,-0.62,0.56,-2.96,49.5,8.56,-1.19,-7.55,7.19,1.53,0.23,0.61,0.02,0.76,38497,25225,W
639,-0.62,0.56,-2.96,49.5,8.56,-1.19,-9.04,8.87,1.3,0.23,0.61,0.02,0.76,38536,25264,W
640,-0.62,0.56,-2.96,49.5,8.56,-1.19,-8.66,10.67,2.3,0.23,0.61,0.02,0.76,38573,25301,W
641,-0.22,0.51,-1.9,49.5,8.56,-1.19,-8.66,10.67,2.3,0.23,0.61,0.02,0.76,38611,25339,W
642,-0.22,0.51,-1.9,49.5,8.56,-1.19,-7.7,10.29,1.49,0.23,0.61,0.02,0.76,38649,25377,W
643,-0.22,0.51,-1.9,49.5,8.56,-1.19,-6.59,10.9,0.53,0.23,0.61,0.02,0.76,38689,25417,W
644,-0.22,0.51,-1.9,49.5,8.56,-1.19,-11.53,-2.39,4.29,0.23,0.61,0.02,0.76,38726,25454,W
645,0.04,0.92,0.75,49.5,8.56,-1.19,-11.53,-2.39,4.29,0.23,0.61,0.02,0.76,38766,25494,W
646,0.04,0.92,0.75,49.5,8.56,-1.19,-12.91,4.2,-2.64,0.23,0.61,0.02,0.76,38805,25533,W
647,0.04,0.92,0.75,49.5,8.56,-1.19,-10.34,2.97,1.41,0.23,0.61,0.02,0.76,38846,25574,W
648,0.04,0.92,0.75,49.5,8.56,-1.19,-8.89,3.28,1.14,0.23,0.61,0.02,0.76,38885,25613,W
649,0.04,0.92,0.75,49.5,8.56,-1.19,-8.77,3.28,1.68,0.23,0.61,0.02,0.76,38921,25649,W
650,0.08,0,0.08,49.5,8.56,-1.19,-8.77,3.28,1.68,0.23,0.61,0.02,0.76,38959,25687,W
651,0.08,0,0.08,49.5,8.56,-1.19,-9.27,3.28,1.34,0.23,0.61,0.02,0.76,38998,25726,W
652,0.08,0,0.08,49.5,8.56,-1.19,-9,3.24,1.64,0.23,0.61,0.02,0.76,39036,25764,W
653,0.08,0,0.08,49.5,8.56,-1.19,-9.04,3.32,1.68,0.23,0.61,0.02,0.76,39073,25801,W
654,0.03,0.08,-0.02,49.5,8.56,-1.19,-9.04,3.32,1.68,0.23,0.61,0.02,0.76,39110,25838,W
655,0.03,0.08,-0.02,49.5,8.56,-1.19,-9.04,3.39,1.68,0.23,0.61,0.02,0.76,39149,25877,W
656,0.03,0.08,-0.02,49.5,8.56,-1.19,-8.85,3.28,1.45,0.23,0.61,0.02,0.76,39188,25916,W
657,0.03,0.08,-0.02,49.5,8.56,-1.19,-9.12,3.39,1.38,0.23,0.61,0.02,0.76,39225,25953,W
658,0.05,0.07,0.06,49.5,8.56,-1.19,-9.12,3.39,1.38,0.23,0.61,0.02,0.76,39263,25991,W
659,-0.13,0.09,0.3,49.5,8.56,-1.19,-9.12,3.39,1.38,0.23,0.61,0.02,0.76,39301,26029,W
660,-0.13,0.09,0.3,49.5,8.56,-1.19,-9.08,3.36,1.49,0.23,0.61,0.02,0.76,39340,26068,W
661,-0.13,0.09,0.3,49.5,8.56,-1.19,-9.12,3.63,1.22,0.23,0.61,0.02,0.76,39376,26104,W
662,0,0.44,1.06,49.5,8.56,-1.19,-9.12,3.63,1.22,0.23,0.61,0.02,0.76,39415,26143,W
663,0.02,-0.06,2.73,49.5,8.56,-1.19,-9.12,3.63,1.22,0.23,0.61,0.02,0.76,39453,26181,W
664,0.02,-0.06,2.73,49.5,8.56,-1.19,-13.52,5.89,1.18,0.23,0.61,0.02,0.76,39491,26219,W
665,0.02,-0.06,2.73,49.5,8.56,-1.19,-14.02,7.8,0.15,0.23,0.61,0.02,0.76,39529,26257,W
666,0.02,-0.06,2.73,30.5,-11.75,18.06,-14.02,7.8,0.15,0.23,0.61,0.02,0.76,39567,26295,W
667,-0.46,0.64,0.17,30.5,-11.75,18.06,-14.02,7.8,0.15,0.23,0.61,0.02,0.76,39607,26335,W
668,-0.46,0.64,0.17,30.5,-11.75,18.06,-5.79,3.05,0.88,0.23,0.61,0.02,0.76,39647,26375,W
669,-0.46,0.64,0.17,30.5,-11.75,18.06,-0.8,3.55,-0.66,0.23,0.61,0.02,0.76,39688,26416,W
670,-0.46,0.64,0.17,30.5,-11.75,18.06,-4.48,1.29,0.5,0.23,0.61,0.02,0.76,39726,26454,W
671,0.24,-0.42,-1.98,30.5,-11.75,18.06,-4.48,1.29,0.5,0.23,0.61,0.02,0.76,39766,26494,W
672,0.08,-0.75,-2.59,30.5,-11.75,18.06,-4.48,1.29,0.5,0.23,0.61,0.02,0.76,39804,26532,W
673,0.08,-0.75,-2.59,30.5,-11.75,18.06,-6.44,3.82,1.26,0.23,0.61,0.02,0.76,39844,26572,W
674,0.08,-0.75,-2.59,30.5,-11.75,18.06,-7.7,6.84,1.11,0.23,0.61,0.02,0.76,39884,26612,W
675,0.08,-0.75,-2.59,30.5,-11.75,18.06,-7.85,8.72,0.8,0.23,0.61,0.02,0.76,39922,26650,W
676,-0.2,1.18,-2.64,30.5,-11.75,18.06,-7.85,8.72,0.8,0.23,0.61,0.02,0.76,39961,26689,W
677,-0.2,1.18,-2.64,30.5,-11.75,18.06,-9.69,12.32,2.18,0.23,0.61,0.02,0.76,40001,26729,W
678,-1.28,0.05,-1.12,30.5,-11.75,18.06,-9.69,12.32,2.18,0.23,0.61,0.02,0.76,40041,26769,W
679,-1.28,0.05,-1.12,30.5,-11.75,18.06,-8.46,13.89,-0.54,0.23,0.61,0.02,0.76,40080,26808,W
680,-1.28,0.05,-1.12,26.44,10.63,30.38,-8.46,13.89,-0.54,0.23,0.61,0.02,0.76,40120,26848,W
681,-1.28,0.05,-1.12,26.44,10.63,30.38,-12.76,1.52,6.66,0.23,0.61,0.02,0.76,40160,26888,W
682,-0.17,0.06,-0.34,26.44,10.63,30.38,-12.76,1.52,6.66,0.23,0.61,0.02,0.76,40200,26928,W
683,-0.17,0.06,-0.34,26.44,10.63,30.38,-8.01,3.2,0.5,0.23,0.61,0.02,0.76,40239,26967,W
684,-0.17,0.06,-0.34,26.44,10.63,30.38,-9.69,2.71,1.3,0.23,0.61,0.02,0.76,40276,27004,W
685,0.13,-0.1,0.11,26.44,10.63,30.38,-9.69,2.71,1.3,0.23,0.61,0.02,0.76,40317,27045,W
686,-0.02,-0.1,0.1,26.44,10.63,30.38,-9.69,2.71,1.3,0.23,0.61,0.02,0.76,40356,27084,W
687,-0.02,-0.1,0.1,26.44,10.63,30.38,-9.73,3.66,1.53,0.23,0.61,0.02,0.76,40395,27123,W
688,-0.02,-0.1,0.1,26.44,10.63,30.38,-9.35,2.86,1.22,0.23,0.61,0.02,0.76,40436,27164,W
689,-0.02,-0.1,0.1,26.44,10.63,30.38,-9,3.05,1.38,0.23,0.61,0.02,0.76,40474,27202,W
690,-0.01,-0.05,0.03,26.44,10.63,30.38,-9,3.05,1.38,0.23,0.61,0.02,0.76,40513,27241,W
691,-0.01,-0.13,0.13,26.44,10.63,30.38,-9,3.05,1.38,0.23,0.61,0.02,0.76,40552,27280,W
692,-0.01,-0.13,0.13,26.44,10.63,30.38,-9.12,3.05,1.26,0.23,0.61,0.02,0.76,40591,27319,W
693,-0.01,-0.13,0.13,26.44,10.63,30.38,-9.2,3.05,1.26,0.23,0.61,0.02,0.76,40629,27357,W
694,-0.01,-0.13,0.13,27.5,5.63,28.94,-9.2,3.05,1.26,0.23,0.61,0.02,0.76,40667,27395,W
695,-0.11,0.1,0,27.5,5.63,28.94,-9.2,3.05,1.26,0.23,0.61,0.02,0.76,40707,27435,W
696,-0.11,0.1,0,27.5,5.63,28.94,-8.73,3.09,1.22,0.23,0.61,0.02,0.76,40745,27473,W
697,-0.11,0.1,0,27.5,5.63,28.94,-9.46,3.01,1.18,0.23,0.61,0.02,0.76,40785,27513,W
698,-0.11,0.1,0,27.5,5.63,28.94,-9.65,3.43,0.69,0.23,0.61,0.02,0.76,40822,27550,W
699,-0.29,-0.39,1.35,27.5,5.63,28.94,-9.65,3.43,0.69,0.23,0.61,0.02,0.76,40860,27588,W
700,-0.29,-0.39,1.35,27.5,5.63,28.94,-10.15,4.28,1.76,0.23,0.61,0.02,0.76,40898,27626,W
701,-0.29,-0.39,1.35,27.5,5.63,28.94,-10.11,4.7,1.68,0.23,0.61,0.02,0.76,40939,27667,W
702,-0.29,-0.39,1.35,27.5,5.63,28.94,-13.79,7.49,0.92,0.23,0.61,0.02,0.76,40976,27704,W
703,0.49,-0.63,4.59,27.5,5.63,28.94,-13.79,7.49,0.92,0.23,0.61,0.02,0.76,41016,27744,W
704,-0.16,2.04,0.73,27.5,5.63,28.94,-13.79,7.49,0.92,0.23,0.61,0.02,0.76,41055,27783,W
705,-0.16,2.04,0.73,27.5,5.63,28.94,-11.49,0.75,0.88,0.23,0.61,0.02,0.76,41094,27822,W
706,-0.16,2.04,0.73,27.5,5.63,28.94,-4.64,2.9,2.41,0.23,0.61,0.02,0.76,41133,27861,W
707,-0.16,2.04,0.73,27.5,5.63,28.94,-4.48,3.01,0.65,0.23,0.61,0.02,0.76,41168,27896,W
708,0,-0.13,-2.76,27.5,5.63,28.94,-4.48,3.01,0.65,0.23,0.61,0.02,0.76,41207,27935,W
709,0,-0.13,-2.76,27.5,5.63,28.94,-2.99,6.77,2.26,0.23,0.61,0.02,0.76,41247,27975,W
710,0,-0.13,-2.76,27.5,5.63,28.94,-5.67,6.15,-0.31,0.23,0.61,0.02,0.76,41287,28015,W
711,0,-0.13,-2.76,27.5,5.63,28.94,-6.7,9.22,1.99,0.23,0.61,0.02,0.76,41325,28053,W
712,1.27,0.17,-0.95,27.5,5.63,28.94,-6.7,9.22,1.99,0.23,0.61,0.02,0.76,41364,28092,W
713,1.27,0.17,-0.95,27.5,5.63,28.94,-6.17,9.07,-0.85,0.23,0.61,0.02,0.76,41403,28131,W
714,1.27,0.17,-0.95,27.5,5.63,28.94,-13.33,13.93,1.07,0.23,0.61,0.02,0.76,41442,28170,W
715,1.27,0.17,-0.95,27.5,5.63,28.94,-6.82,1.25,-5.44,0.23,0.61,0.02,0.76,41482,28210,T
716,1.27,0.17,-0.95,27.5,5.63,28.94,-10.19,3.59,2.75,0.23,0.61,0.02,0.76,41519,28247,T
717,-0.58,0.07,-0.31,27.5,5.63,28.94,-10.19,3.59,2.75,0.23,0.61,0.02,0.76,41558,28286,T
718,-0.58,0.07,-0.31,27.5,5.63,28.94,-8.5,3.55,-0.43,0.23,0.61,0.02,0.76,41597,28325,T
719,-0.58,0.07,-0.31,27.5,5.63,28.94,-8.85,3.28,1.11,0.23,0.61,0.02,0.76,41636,28364,T
720,-0.58,0.07,-0.31,27.5,5.63,28.94,-8.93,3.32,1.57,0.23,0.61,0.02,0.76,41673,28401,T
721,-0.04,0.06,-0.03,27.5,5.63,28.94,-8.93,3.32,1.57,0.23,0.61,0.02,0.76,41712,28440,T
722,-0.04,0.06,-0.03,27.5,5.63,28.94,-9.04,3.28,1.34,0.23,0.61,0.02,0.76,41751,28479,T
723,-0.09,-0.03,-0.08,27.5,5.63,28.94,-9.04,3.28,1.34,0.23,0.61,0.02,0.76,41790,28518,T
724,-0.09,-0.03,-0.08,27.5,5.63,28.94,-9.08,3.28,1.18,0.23,0.61,0.02,0.76,41829,28557,T
725,-0.09,-0.03,-0.08,23,21.69,2.13,-9.08,3.28,1.18,0.23,0.61,0.02,0.76,41867,28595,T
726,-0.09,-0.03,-0.08,23,21.69,2.13,-8.96,3.16,1.14,0.23,0.61,0.02,0.76,41907,28635,T
727,0.02,-0.01,0.04,23,21.69,2.13,-8.96,3.16,1.14,0.23,0.61,0.02,0.76,41946,28674,T
728,0.02,-0.01,0.04,23,21.69,2.13,-9.08,3.2,1.26,0.23,0.61,0.02,0.76,41985,28713,T
729,0.02,-0.01,0.04,23,21.69,2.13,-9,3.24,1.18,0.23,0.61,0.02,0.76,42021,28749,T
730,-0.01,-0.01,-0.01,23,21.69,2.13,-9,3.24,1.18,0.23,0.61,0.02,0.76,42059,28787,T
731,-0.01,-0.01,-0.01,23,21.69,2.13,-9.12,3.28,1.18,0.23,0.61,0.02,0.76,42099,28827,T
732,-0.01,-0.01,-0.01,23,21.69,2.13,-9.12,3.2,1.18,0.23,0.61,0.02,0.76,42138,28866,T
733,-0.01,-0.01,-0.01,23,21.69,2.13,-9.04,3.2,1.14,0.23,0.61,0.02,0.76,42176,28904,T
734,0.03,-0.02,0.04,23,21.69,2.13,-9.04,3.2,1.14,0.23,0.61,0.02,0.76,42215,28943,T
735,0.03,-0.02,0.04,23,21.69,2.13,-9.16,3.24,1.22,0.23,0.61,0.02,0.76,42255,28983,T
736,-0.01,-0.01,0.02,23,21.69,2.13,-9.16,3.24,1.22,0.23,0.61,0.02,0.76,42294,29022,T
737,-0.01,-0.01,0.02,23,21.69,2.13,-9.08,3.28,1.22,0.23,0.61,0.02,0.76,42333,29061,T
738,-0.01,-0.01,0.02,23,21.69,2.13,-9.12,3.24,1.22,0.23,0.61,0.02,0.76,42370,29098,T
739,-0.01,-0.01,0.02,23,21.69,2.13,-9.12,3.24,1.22,0.23,0.61,0.02,0.76,42408,29136,T
740,0.01,-0.01,0.03,23,21.69,2.13,-9.12,3.24,1.22,0.23,0.61,0.02,0.76,42447,29175,T
741,0.01,-0.01,0.03,23,21.69,2.13,-9.08,3.28,1.26,0.23,0.61,0.02,0.76,42486,29214,T
742,0.01,-0.01,0.03,23,21.69,2.13,-8.96,3.28,1.26,0.23,0.61,0.02,0.76,42523,29251,T
743,0.01,-0.01,0.04,23,21.69,2.13,-8.96,3.28,1.26,0.23,0.61,0.02,0.76,42561,29289,T
744,0.01,-0.01,0.04,23,21.69,2.13,-9.08,3.28,1.26,0.23,0.61,0.02,0.76,42600,29328,T
745,0.01,-0.01,0.04,23,21.69,2.13,-9.08,3.32,1.3,0.23,0.61,0.02,0.76,42639,29367,T
746,0.01,-0.01,0.04,23,21.69,2.13,-9.08,3.28,1.22,0.23,0.61,0.02,0.76,42676,29404,T
747,0.02,0,-0.04,23,21.69,2.13,-9.08,3.28,1.22,0.23,0.61,0.02,0.76,42714,29442,T
748,0.02,0,-0.04,23,21.69,2.13,-9.08,3.28,1.22,0.23,0.61,0.02,0.76,42754,29482,T
749,0.06,-0.01,-0.01,23,21.69,2.13,-9.08,3.28,1.22,0.23,0.61,0.02,0.76,42792,29520,T
750,0.06,-0.01,-0.01,23,21.69,2.13,-9,3.24,1.49,0.23,0.61,0.02,0.76,42830,29558,T
751,0.06,-0.01,-0.01,23,21.69,2.13,-9.04,3.24,1.18,0.23,0.61,0.02,0.76,42867,29595,T
752,0.06,-0.01,-0.01,23,21.69,2.13,-9.08,3.24,1.14,0.23,0.61,0.02,0.76,42906,29634,T
753,0.06,-0.01,-0.01,23,21.69,2.13,-9.12,3.24,1.22,0.23,0.61,0.02,0.76,42946,29674,T
754,0.06,-0.01,-0.01,23,21.69,2.13,-9.08,3.24,1.3,0.23,0.61,0.02,0.76,42985,29713,T
755,0.06,-0.01,-0.01,23,21.69,2.13,-9.12,3.28,1.18,0.23,0.61,0.02,0.76,43022,29750,T
756,-0.01,-0.04,0,23,21.69,2.13,-9.12,3.28,1.18,0.23,0.61,0.02,0.76,43061,29789,T
757,-0.01,-0.04,0,23,21.69,2.13,-9.12,3.24,1.34,0.23,0.61,0.02,0.76,43100,29828,T
758,-0.01,-0.04,0,23,21.69,2.13,-9.39,3.43,1.34,0.23,0.61,0.02,0.76,43139,29867,T
759,-0.01,-0.04,0,23,21.69,2.13,-8.77,3.2,1.18,0.23,0.61,0.02,0.76,43175,29903,T
760,-0.02,-0.02,0.05,23,21.69,2.13,-8.77,3.2,1.18,0.23,0.61,0.02,0.76,43214,29942,T
761,-0.02,-0.02,0.05,23,21.69,2.13,-8.96,3.28,1.18,0.23,0.61,0.02,0.76,43254,29982,T
762,0.05,-0.05,0.04,23,21.69,2.13,-8.96,3.28,1.18,0.23,0.61,0.02,0.76,43293,30021,T
763,0.05,-0.05,0.04,23,21.69,2.13,-9.16,3.36,1.22,0.23,0.61,0.02,0.76,43332,30060,T
764,0.05,-0.05,0.04,23,21.69,2.13,-9.04,3.36,1.41,0.23,0.61,0.02,0.76,43369,30097,T
765,0,-0.06,0.06,23,21.69,2.13,-9.04,3.36,1.41,0.23,0.61,0.02,0.76,43407,30135,T
766,0,-0.06,0.06,23,21.69,2.13,-9.23,3.39,1.3,0.23,0.61,0.02,0.76,43446,30174,W
767,0,-0.06,0.06,23,21.69,2.13,-9,3.39,1.45,0.23,0.61,0.02,0.76,43485,30213,W
768,0,-0.06,0.06,23,21.69,2.13,-9.04,3.39,1.3,0.23,0.61,0.02,0.76,43522,30250,W
769,0.05,0.03,0.03,23,21.69,2.13,-9.04,3.39,1.3,0.23,0.61,0.02,0.76,43559,30287,W
770,0.05,0.03,0.03,23,21.69,2.13,-8.93,3.39,1.38,0.23,0.61,0.02,0.76,43597,30325,W
771,0.01,0,0.03,23,21.69,2.13,-8.93,3.39,1.38,0.23,0.61,0.02,0.76,43636,30364,W
772,0.01,0,0.03,23,21.69,2.13,-9,3.47,1.41,0.23,0.61,0.02,0.76,43673,30401,W
773,-0.01,-0.15,0.01,23,21.69,2.13,-9,3.47,1.41,0.23,0.61,0.02,0.76,43711,30439,W
774,-0.01,-0.15,0.01,23,21.69,2.13,-9.35,3.82,1.38,0.23,0.61,0.02,0.76,43749,30477,W
775,-0.01,-0.15,0.01,23,21.69,2.13,-9.39,3.43,1.45,0.23,0.61,0.02,0.76,43789,30517,W
776,-0.01,-0.15,0.01,23,21.69,2.13,-9.81,3.16,2.03,0.23,0.61,0.02,0.76,43827,30555,W
777,-0.01,-0.15,0.01,22.75,21.69,1.63,-9.81,3.16,2.03,0.23,0.61,0.02,0.76,43865,30593,W
778,2.02,-0.74,-1.64,22.75,21.69,1.63,-9.81,3.16,2.03,0.23,0.61,0.02,0.76,43904,30632,W
779,2.02,-0.74,-1.64,22.75,21.69,1.63,-7.51,7.34,-2.49,0.23,0.61,0.02,0.76,43943,30671,W
780,2.02,-0.74,-1.64,22.75,21.69,1.63,-8.54,5.39,-0.85,0.23,0.61,0.02,0.76,43982,30710,W
781,2.02,-0.74,-1.64,22.75,21.69,1.63,-8.16,5.92,-0.23,0.23,0.61,0.02,0.76,44020,30748,W
782,5.11,-1.63,0.12,22.75,21.69,1.63,-8.16,5.92,-0.23,0.23,0.61,0.02,0.76,44059,30787,W
783,5.11,-1.63,0.12,22.75,21.69,1.63,-8.85,2.44,3.45,0.23,0.61,0.02,0.76,44098,30826,W
784,4.3,-1.8,-0.75,22.75,21.69,1.63,-8.85,2.44,3.45,0.23,0.61,0.02,0.76,44136,30864,W
785,4.3,-1.8,-0.75,22.75,21.69,1.63,-8.2,0.79,0.42,0.23,0.61,0.02,0.76,44174,30902,W
786,4.56,-1.33,-1.26,22.75,21.69,1.63,-8.2,0.79,0.42,0.23,0.61,0.02,0.76,44213,30941,W
787,4.56,-1.33,-1.26,22.75,21.69,1.63,-7.28,4.66,2.68,0.23,0.61,0.02,0.76,44252,30980,W
788,4.56,-1.33,-1.26,22.75,21.69,1.63,-7.55,5.77,1.64,0.23,0.61,0.02,0.76,44290,31018,W
789,4.56,-1.33,-1.26,22.75,21.69,1.63,-6.55,7.99,3.6,0.23,0.61,0.02,0.76,44327,31055,W
790,4.56,-1.33,-1.26,16.75,-2.5,-15.5,-6.55,7.99,3.6,0.23,0.61,0.02,0.76,44365,31093,W
791,0.15,-1.52,-0.93,16.75,-2.5,-15.5,-6.55,7.99,3.6,0.23,0.61,0.02,0.76,44405,31133,W
792,0.15,-1.52,-0.93,16.75,-2.5,-15.5,-6.82,0.94,1.14,0.23,0.61,0.02,0.76,44445,31173,W
793,0.15,-1.52,-0.93,16.75,-2.5,-15.5,-9.2,3.51,0.92,0.23,0.61,0.02,0.76,44485,31213,W
794,0.15,-1.52,-0.93,16.75,-2.5,-15.5,-9.12,3.39,0.8,0.23,0.61,0.02,0.76,44523,31251,W
795,-0.18,-0.01,-0.01,16.75,-2.5,-15.5,-9.12,3.39,0.8,0.23,0.61,0.02,0.76,44563,31291,W
796,-0.18,-0.01,-0.01,16.75,-2.5,-15.5,-9.16,3.24,0.72,0.23,0.61,0.02,0.76,44604,31332,W
797,-0.05,-0.01,0.19,16.75,-2.5,-15.5,-9.16,3.24,0.72,0.23,0.61,0.02,0.76,44644,31372,W
798,-0.05,-0.01,0.19,16.75,-2.5,-15.5,-9.2,3.55,1.3,0.23,0.61,0.02,0.76,44684,31412,W
799,-0.05,-0.01,0.19,16.75,-2.5,-15.5,-8.96,3.39,1.18,0.23,0.61,0.02,0.76,44723,31451,W
800,-0.1,-0.02,-0.04,16.75,-2.5,-15.5,-8.96,3.39,1.18,0.23,0.61,0.02,0.76,44763,31491,W
801,0.02,-0.05,0.05,16.75,-2.5,-15.5,-8.96,3.39,1.18,0.23,0.61,0.02,0.76,44803,31531,W
802,0.02,-0.05,0.05,16.75,-2.5,-15.5,-9.08,3.51,1.34,0.23,0.61,0.02,0.76,44840,31568,W
803,0.02,-0.05,0.05,16.75,-2.5,-15.5,-8.89,3.39,1.22,0.23,0.61,0.02,0.76,44880,31608,W
804,0.02,-0.05,0.05,16.75,-2.5,-15.5,-9,3.59,1.38,0.23,0.61,0.02,0.76,44917,31645,W
805,-0.05,-0.07,0.13,16.75,-2.5,-15.5,-9,3.59,1.38,0.23,0.61,0.02,0.76,44956,31684,W
806,-0.05,-0.07,0.13,16.75,-2.5,-15.5,-9.31,3.63,1.22,0.23,0.61,0.02,0.76,44995,31723,W
807,-0.05,-0.07,0.13,16.75,-2.5,-15.5,-9.12,3.74,1.26,0.23,0.61,0.02,0.76,45036,31764,W
808,-0.05,-0.07,0.13,16.75,-2.5,-15.5,-11.53,3.78,1.84,0.23,0.61,0.02,0.76,45074,31802,W
809,-0.59,-1.15,1.81,16.75,-2.5,-15.5,-11.53,3.78,1.84,0.23,0.61,0.02,0.76,45114,31842,W
810,-0.25,-3.03,3.4,16.75,-2.5,-15.5,-11.53,3.78,1.84,0.23,0.61,0.02,0.76,45154,31882,W
811,-0.25,-3.03,3.4,16.75,-2.5,-15.5,-18.66,6.77,-2.72,0.23,0.61,0.02,0.76,45196,31924,W
812,-0.25,-3.03,3.4,16.75,-2.5,-15.5,-8.89,5.39,-7.86,0.23,0.61,0.02,0.76,45236,31964,W
813,-0.25,-3.03,3.4,16.75,-2.5,-15.5,-8.96,1.9,3.79,0.23,0.61,0.02,0.76,45275,32003,W
814,3,-2.02,-0.64,16.75,-2.5,-15.5,-8.96,1.9,3.79,0.23,0.61,0.02,0.76,45315,32043,W
815,3,-2.02,-0.64,16.75,-2.5,-15.5,-5.4,2.97,-1.42,0.23,0.61,0.02,0.76,45356,32084,W
816,1.81,-1.45,-2.12,16.75,-2.5,-15.5,-5.4,2.97,-1.42,0.23,0.61,0.02,0.76,45395,32123,W
817,1.81,-1.45,-2.12,16.75,-2.5,-15.5,-6.4,3.51,-0.35,0.23,0.61,0.02,0.76,45435,32163,W
818,1.81,-1.45,-2.12,16.75,-2.5,-15.5,-6.28,5.12,-0.62,0.23,0.61,0.02,0.76,45474,32202,W
819,0.64,0.05,-3.24,16.75,-2.5,-15.5,-6.28,5.12,-0.62,0.23,0.61,0.02,0.76,45515,32243,W
820,1.34,-0.84,-3,16.75,-2.5,-15.5,-6.28,5.12,-0.62,0.23,0.61,0.02,0.76,45555,32283,W
821,1.34,-0.84,-3,16.75,-2.5,-15.5,-5.02,18.14,1.03,0.23,0.61,0.02,0.76,45595,32323,W
822,1.34,-0.84,-3,16.75,-2.5,-15.5,-2.22,16.3,-1.3,0.23,0.61,0.02,0.76,45636,32364,W
823,1.34,-0.84,-3,16.75,-2.5,-15.5,-11.84,11.82,5.02,0.23,0.61,0.02,0.76,45675,32403,W
824,0.91,-1.53,1.48,16.75,-2.5,-15.5,-11.84,11.82,5.02,0.23,0.61,0.02,0.76,45716,32444,W
825,0.91,-1.53,1.48,16.75,-2.5,-15.5,-11.91,3.82,3.06,0.23,0.61,0.02,0.76,45757,32485,W
826,0.31,-0.26,0.51,16.75,-2.5,-15.5,-11.91,3.82,3.06,0.23,0.61,0.02,0.76,45796,32524,W
827,0.31,-0.26,0.51,16.75,-2.5,-15.5,-8.96,3.43,2.07,0.23,0.61,0.02,0.76,45836,32564,W
828,0.31,-0.26,0.51,16.75,-2.5,-15.5,-7.93,3.36,1.76,0.23,0.61,0.02,0.76,45874,32602,W
829,-0.08,0,0.37,16.75,-2.5,-15.5,-7.93,3.36,1.76,0.23,0.61,0.02,0.76,45914,32642,W
830,-0.1,-0.02,0.03,16.75,-2.5,-15.5,-7.93,3.36,1.76,0.23,0.61,0.02,0.76,45954,32682,W
831,-0.1,-0.02,0.03,16.75,-2.5,-15.5,-8.7,3.63,1.14,0.23,0.61,0.02,0.76,45993,32721,W
832,-0.1,-0.02,0.03,16.75,-2.5,-15.5,-9.16,3.74,1.57,0.23,0.61,0.02,0.76,46032,32760,W
833,-0.1,-0.02,0.03,16.75,-2.5,-15.5,-8.73,3.74,1.41,0.23,0.61,0.02,0.76,46071,32799,W
834,0.04,0.02,0.11,16.75,-2.5,-15.5,-8.73,3.74,1.41,0.23,0.61,0.02,0.76,46110,32838,W
835,0.01,-0.04,0.05,16.75,-2.5,-15.5,-8.73,3.74,1.41,0.23,0.61,0.02,0.76,46148,32876,W
836,0.01,-0.04,0.05,16.75,-2.5,-15.5,-8.77,3.93,1.49,0.23,0.61,0.02,0.76,46188,32916,W
837,0.01,-0.04,0.05,16.75,-2.5,-15.5,-9,3.89,1.38,0.23,0.61,0.02,0.76,46225,32953,W
838,-0.05,-0.02,0.55,16.75,-2.5,-15.5,-9,3.89,1.38,0.23,0.61,0.02,0.76,46265,32993,W
839,-0.03,-0.23,1,16.75,-2.5,-15.5,-9,3.89,1.38,0.23,0.61,0.02,0.76,46305,33033,W
840,-0.03,-0.23,1,16.75,-2.5,-15.5,-9.12,4.77,1.26,0.23,0.61,0.02,0.76,46345,33073,W
841,-0.03,-0.23,1,16.75,-2.5,-15.5,-12.99,5.81,1.88,0.23,0.61,0.02,0.76,46386,33114,W
842,-0.03,-0.23,1,16.75,-2.5,-15.5,-17.77,4.47,-2.04,0.23,0.61,0.02,0.76,46424,33152,W
843,-0.9,0.93,1.86,16.75,-2.5,-15.5,-17.77,4.47,-2.04,0.23,0.61,0.02,0.76,46465,33193,W
844,-0.9,0.93,1.86,16.75,-2.5,-15.5,-9.31,2.93,-3.61,0.23,0.61,0.02,0.76,46505,33233,W
845,-0.9,0.93,1.86,16.75,-2.5,-15.5,-5.44,3.05,2.95,0.23,0.61,0.02,0.76,46545,33273,W
846,-0.9,0.93,1.86,16.75,-2.5,-15.5,-5.36,0.56,0.04,0.23,0.61,0.02,0.76,46584,33312,W
847,-0.9,0.93,1.86,16.75,-2.5,-15.5,-7.28,2.21,3.29,0.23,0.61,0.02,0.76,46622,33350,W
848,0.63,0.18,-2.17,16.75,-2.5,-15.5,-7.28,2.21,3.29,0.23,0.61,0.02,0.76,46662,33390,W
849,0.52,0.41,-2.68,16.75,-2.5,-15.5,-7.28,2.21,3.29,0.23,0.61,0.02,0.76,46702,33430,W
850,0.52,0.41,-2.68,16.75,-2.5,-15.5,-9.12,5.7,2.33,0.23,0.61,0.02,0.76,46740,33468,W
851,0.52,0.41,-2.68,16.75,-2.5,-15.5,-8.04,7.19,2.11,0.23,0.61,0.02,0.76,46779,33507,W
852,0.52,0.41,-2.68,16.75,-2.5,-15.5,-7.82,9.07,0.07,0.23,0.61,0.02,0.76,46816,33544,W
853,0.52,0.41,-2.68,16.75,-2.5,-15.5,-9.43,11.71,0.27,0.23,0.61,0.02,0.76,46856,33584,W
854,-0.49,0.66,-1.74,16.75,-2.5,-15.5,-9.43,11.71,0.27,0.23,0.61,0.02,0.76,46896,33624,W
855,-0.49,0.66,-1.74,16.75,-2.5,-15.5,-6.36,9.68,1.53,0.23,0.61,0.02,0.76,46936,33664,W
856,-0.49,0.66,-1.74,16.75,-2.5,-15.5,-5.75,10.64,-0.39,0.23,0.61,0.02,0.76,46973,33701,W
857,0.37,-3.89,2.63,16.75,-2.5,-15.5,-5.75,10.64,-0.39,0.23,0.61,0.02,0.76,47014,33742,W
858,0.37,-1.16,0.59,16.75,-2.5,-15.5,-5.75,10.64,-0.39,0.23,0.61,0.02,0.76,47054,33782,W
859,0.37,-1.16,0.59,16.75,-2.5,-15.5,-9.27,4.09,-2.64,0.23,0.61,0.02,0.76,47095,33823,W
860,0.37,-1.16,0.59,16.75,-2.5,-15.5,-11.34,3.59,2.18,0.23,0.61,0.02,0.76,47135,33863,W
861,0.37,-1.16,0.59,16.75,-2.5,-15.5,-8.62,3.43,1.11,0.23,0.61,0.02,0.76,47173,33901,W
862,0.19,-0.05,0.07,16.75,-2.5,-15.5,-8.62,3.43,1.11,0.23,0.61,0.02,0.76,47213,33941,W
863,0.19,-0.05,0.07,16.75,-2.5,-15.5,-9.04,3.74,1.11,0.23,0.61,0.02,0.76,47252,33980,W
864,0.19,-0.05,0.07,16.75,-2.5,-15.5,-8.93,3.59,1.53,0.23,0.61,0.02,0.76,47292,34020,W
865,0.19,-0.05,0.07,16.75,-2.5,-15.5,-8.93,3.7,1.38,0.23,0.61,0.02,0.76,47332,34060,W
866,0.19,-0.05,0.07,16.75,-2.5,-15.5,-8.96,3.78,1.49,0.23,0.61,0.02,0.76,47370,34098,W
867,0.01,-0.02,0.08,16.75,-2.5,-15.5,-8.96,3.78,1.49,0.23,0.61,0.02,0.76,47408,34136,W
868,0.04,0.04,0.1,16.75,-2.5,-15.5,-8.85,3.82,1.41,0.23,0.61,0.02,0.76,47485,34213,W
869,0.04,0.04,0.1,16.75,-2.5,-15.5,-8.77,3.93,1.38,0.23,0.61,0.02,0.76,47523,34251,W
870,-0.02,0.01,0.19,16.75,-2.5,-15.5,-8.77,3.93,1.38,0.23,0.61,0.02,0.76,47561,34289,W
871,-0.02,0.01,0.19,16.75,-2.5,-15.5,-8.85,3.93,1.45,0.23,0.61,0.02,0.76,47602,34330,W
872,-0.1,0.14,0.45,16.75,-2.5,-15.5,-8.85,3.93,1.45,0.23,0.61,0.02,0.76,47641,34369,W
873,-0.1,0.14,0.45,16.75,-2.5,-15.5,-9.81,4.16,1.3,0.23,0.61,0.02,0.76,47680,34408,W
874,-0.1,0.14,0.45,16.75,-2.5,-15.5,-9.73,4.66,1.03,0.23,0.61,0.02,0.76,47717,34445,W
875,-0.25,-0.25,2.77,16.75,-2.5,-15.5,-9.73,4.66,1.03,0.23,0.61,0.02,0.76,47756,34484,W
876,-0.25,-0.25,2.77,16.75,-2.5,-15.5,-12.22,8.18,-0.16,0.23,0.61,0.02,0.76,47796,34524,W
877,-0.25,-0.25,2.77,16.75,-2.5,-15.5,-15.02,2.25,-0.12,0.23,0.61,0.02,0.76,47837,34565,W
878,-0.25,-0.25,2.77,16.75,-2.5,-15.5,-10.46,-2.39,1.34,0.23,0.61,0.02,0.76,47876,34604,W
879,-0.28,0.47,-1.62,16.75,-2.5,-15.5,-10.46,-2.39,1.34,0.23,0.61,0.02,0.76,47917,34645,W
880,0.43,0.52,-2.22,16.75,-2.5,-15.5,-10.46,-2.39,1.34,0.23,0.61,0.02,0.76,47956,34684,W
881,-0.89,0.6,-2.03,16.75,-2.5,-15.5,-10.46,-2.39,1.34,0.23,0.61,0.02,0.76,47996,34724,W
882,-0.89,0.6,-2.03,16.75,-2.5,-15.5,-7.24,6.11,1.45,0.23,0.61,0.02,0.76,48037,34765,W
883,-0.89,0.6,-2.03,16.75,-2.5,-15.5,-7.16,9.56,1.11,0.23,0.61,0.02,0.76,48075,34803,W
884,0.7,-0.08,-1.54,16.75,-2.5,-15.5,-7.16,9.56,1.11,0.23,0.61,0.02,0.76,48115,34843,W
885,-0.01,-0.01,-0.33,16.75,-2.5,-15.5,-7.16,9.56,1.11,0.23,0.61,0.02,0.76,48155,34883,W
886,-0.01,-0.01,-0.33,16.75,-2.5,-15.5,-4.41,10.41,0.65,0.23,0.61,0.02,0.76,48195,34923,W
887,-0.01,-0.01,-0.33,16.75,-2.5,-15.5,-16.24,6.08,4.25,0.23,0.61,0.02,0.76,48236,34964,W
888,-0.01,-0.01,-0.33,16.75,-2.5,-15.5,-8.85,3.74,-1.27,0.23,0.61,0.02,0.76,48275,35003,W
889,0.34,0.23,0.03,16.75,-2.5,-15.5,-8.85,3.74,-1.27,0.23,0.61,0.02,0.76,48316,35044,T
890,0.34,0.23,0.03,16.75,-2.5,-15.5,-9.77,3.66,1.11,0.23,0.61,0.02,0.76,48356,35084,T
891,0.07,0.1,0.15,16.75,-2.5,-15.5,-9.77,3.66,1.11,0.23,0.61,0.02,0.76,48395,35123,T
892,0.07,0.1,0.15,16.75,-2.5,-15.5,-9.5,3.51,1.3,0.23,0.61,0.02,0.76,48434,35162,T
893,0.07,0.1,0.15,16.75,-2.5,-15.5,-9.16,3.63,1.14,0.23,0.61,0.02,0.76,48471,35199,T
894,-0.07,-0.01,-0.09,16.75,-2.5,-15.5,-9.16,3.63,1.14,0.23,0.61,0.02,0.76,48510,35238,T
895,-0.01,-0.08,-0.01,16.75,-2.5,-15.5,-9.16,3.63,1.14,0.23,0.61,0.02,0.76,48551,35279,T
896,-0.01,-0.08,-0.01,16.75,-2.5,-15.5,-8.96,3.55,1.11,0.23,0.61,0.02,0.76,48591,35319,T
897,-0.01,-0.08,-0.01,16.75,-2.5,-15.5,-8.93,3.59,1.41,0.23,0.61,0.02,0.76,48632,35360,T
898,-0.01,-0.08,-0.01,16.75,-2.5,-15.5,-8.7,3.55,1.45,0.23,0.61,0.02,0.76,48671,35399,T
899,0.04,-0.01,0.08,16.75,-2.5,-15.5,-8.7,3.55,1.45,0.23,0.61,0.02,0.76,48711,35439,T
900,0.03,0.02,0.08,16.75,-2.5,-15.5,-8.7,3.55,1.45,0.23,0.61,0.02,0.76,48750,35478,T
901,0.03,0.02,0.08,16.75,-2.5,-15.5,-8.96,3.63,1.45,0.23,0.61,0.02,0.76,48789,35517,T
902,0.03,0.02,0.08,16.75,-2.5,-15.5,-8.81,3.63,1.26,0.23,0.61,0.02,0.76,48827,35555,T
903,0.03,0.02,0.08,-2.88,-21.75,-10.94,-8.81,3.63,1.26,0.23,0.61,0.02,0.76,48864,35592,T
904,-0.01,0,-0.04,-2.88,-21.75,-10.94,-8.81,3.63,1.26,0.23,0.61,0.02,0.76,48904,35632,T
905,-0.01,0,-0.04,-2.88,-21.75,-10.94,-8.93,3.63,1.38,0.23,0.61,0.02,0.76,48944,35672,T
906,-0.01,0,-0.04,-2.88,-21.75,-10.94,-8.89,3.66,1.34,0.23,0.61,0.02,0.76,48985,35713,T
907,-0.01,0,-0.04,-2.88,-21.75,-10.94,-9.08,3.63,1.26,0.23,0.61,0.02,0.76,49022,35750,T
908,0.02,-0.03,0.02,-2.88,-21.75,-10.94,-9.08,3.63,1.26,0.23,0.61,0.02,0.76,49063,35791,T
909,0.02,-0.03,0.02,-2.88,-21.75,-10.94,-9,3.63,1.38,0.23,0.61,0.02,0.76,49104,35832,T
910,0.01,-0.02,-0.03,-2.88,-21.75,-10.94,-9,3.63,1.38,0.23,0.61,0.02,0.76,49144,35872,T
